name,price,core_count,boost_clock,tdp,smt
AMD Ryzen 5 5600X,159.99,6,4.6,65,TRUE
AMD Ryzen 7 7800X3D,369.99,8,5,120,TRUE
Intel Core i7-13700K,364.99,16,5.4,125,TRUE
AMD Ryzen 7 5800X,210.49,8,4.7,105,TRUE
Intel Core i9-13900K,569.99,24,5.8,125,TRUE
AMD Ryzen 5 7600X,244,6,5.3,105,TRUE
AMD Ryzen 5 7600,226.99,6,5.1,65,TRUE
Intel Core i5-12400F,149.97,6,4.4,65,TRUE
AMD Ryzen 5 5600,134,6,4.4,65,TRUE
Intel Core i5-13600K,308.98,14,5.1,125,TRUE
AMD Ryzen 7 7700X,310,8,5.4,105,TRUE
AMD Ryzen 5 3600,84.99,6,4.2,65,TRUE
AMD Ryzen 5 5500,,6,4.2,65,TRUE
Intel Core i5-12600K,218.24,10,4.9,125,TRUE
AMD Ryzen 7 5700X,174.99,8,4.6,65,TRUE
AMD Ryzen 9 7950X3D,657,16,5.7,120,TRUE
AMD Ryzen 7 5800X3D,304.38,8,4.5,105,TRUE
Intel Core i7-12700K,289.93,12,5,125,TRUE
AMD Ryzen 5 5600G,124,6,4.4,65,TRUE
Intel Core i3-12100F,94.48,4,4.3,58,TRUE
Intel Core i5-13600KF,279.99,14,5.1,125,TRUE
AMD Ryzen 9 5900X,343.99,12,4.8,105,TRUE
AMD Ryzen 9 7900X,407.11,12,5.6,170,TRUE
Intel Core i5-13400F,199.99,10,4.6,65,TRUE
Intel Core i9-13900KS,724,24,6,150,TRUE
Intel Core i9-12900K,379.63,16,5.2,125,TRUE
Intel Core i5-12600KF,196.24,10,4.9,125,TRUE
AMD Ryzen 7 5700G,175,8,4.6,65,TRUE
Intel Core i7-12700KF,281.89,12,5,125,TRUE
AMD Ryzen 5 4500,79,6,4.1,65,TRUE
AMD Ryzen 9 7950X,551.51,16,5.7,170,TRUE
AMD Threadripper 3990X,4155,64,4.3,280,TRUE
Intel Core i7-13700KF,379.99,16,5.4,125,TRUE
AMD Ryzen 7 3700X,219,8,4.4,65,TRUE
AMD Ryzen 7 7700,295,8,5.3,65,TRUE
Intel Core i9-13900KF,536.14,24,5.8,125,TRUE
Intel Core i5-13500,247.98,14,4.8,65,TRUE
Intel Core i5-10400F,108.49,6,4.3,65,TRUE
Intel Core i3-13100F,110.99,4,4.5,58,TRUE
AMD Ryzen 5 4600G,99,6,4.2,65,TRUE
AMD Ryzen 9 7900X3D,499,12,5.6,120,TRUE
AMD Ryzen 9 5950X,471.5,16,4.9,105,TRUE
AMD Ryzen 3 4100,64.2,4,4,65,TRUE
Intel Core i5-12400,167,6,4.4,65,TRUE
Intel Core i7-9700K,275.13,8,4.9,95,FALSE
Intel Core i3-10100F,75.75,4,4.3,65,TRUE
Intel Core i5-13400,207.99,10,4.6,65,TRUE
AMD Ryzen 5 2600,165,6,3.9,65,TRUE
Intel Core i9-14900K,598,24,6,125,TRUE
AMD Ryzen 3 3200G,83.49,4,4,65,FALSE
AMD Ryzen 9 7900,409,12,5.4,65,TRUE
Intel Core i7-13700F,359.99,16,5.2,65,TRUE
Intel Core i5-11400F,128.38,6,4.4,65,TRUE
Intel Core i7-8700K,222,6,4.7,95,TRUE
Intel Core i9-9900K,485,8,5,95,TRUE
AMD Ryzen 9 3900X,365,12,4.6,105,TRUE
Intel Core i7-14700K,418,20,5.6,125,TRUE
AMD Ryzen 7 2700X,220,8,4.3,105,TRUE
AMD Ryzen 5 3600X,210,6,4.4,95,TRUE
Intel Core i7-10700K,295.99,8,5.1,125,TRUE
Intel Core i3-12100,118.99,4,4.3,60,TRUE
Intel Core i7-7700K,280,4,4.5,91,TRUE
Intel Celeron E1400,14,2,,65,FALSE
Intel Core i5-9400F,135,6,4.1,65,FALSE
Intel Core i7-11700K,283.02,8,5,125,TRUE
Intel Core i7-6700K,220.61,4,4.2,91,TRUE
Intel Core i7-12700F,289.98,12,4.9,65,TRUE
Intel Core i9-12900KF,369.99,16,5.2,125,TRUE
AMD Ryzen 5 7500F,,6,5,65,TRUE
AMD Ryzen 7 3800X,285,8,4.5,105,TRUE
AMD Threadripper 3970X,2201.44,32,4.5,280,TRUE
Intel Core i9-11900K,295,8,5.3,125,TRUE
Intel Core i5-9600K,219.14,6,4.6,95,FALSE
Intel Core i3-13100,134.99,4,4.5,60,TRUE
Intel Core i7-13700,366.99,16,5.2,65,TRUE
Intel Core i5-10600K,162.99,6,4.8,125,TRUE
Intel Core i9-10900K,361.4,10,5.3,125,TRUE
AMD Ryzen 5 2600X,210,6,4.2,95,TRUE
Intel Core i5-10400,129.54,6,4.3,65,TRUE
AMD Ryzen 5 5600X3D,,6,4.4,105,TRUE
Intel Core i3-10105F,79.67,4,4.4,65,TRUE
Intel Core i5-11600K,219.99,6,4.9,125,TRUE
Intel Core i9-10850K,285.73,10,5.2,125,TRUE
Intel Core i7-4790K,,4,4.4,88,TRUE
AMD Ryzen 5 3400G,139.99,4,4.2,65,TRUE
AMD Ryzen 3 3100,166.38,4,3.9,65,TRUE
Intel Core i5-8400,160,6,4,65,FALSE
Intel Core i7-11700F,211.67,8,4.9,65,TRUE
Intel Core i7-10700F,218.5,8,4.8,65,TRUE
AMD Ryzen 9 3950X,525,16,4.7,105,TRUE
Intel Core i7-8700,270,6,4.6,65,TRUE
Intel Core i7-4770,75,4,3.9,84,TRUE
Intel Core i9-14900KF,574,24,6,125,TRUE
Intel Core i7-7700,197.43,4,4.2,65,TRUE
Intel Core i5-6600K,140,4,3.9,91,FALSE
Intel Core i9-13900,567.99,24,5.6,65,TRUE
Intel Core i9-12900KS,477.99,16,5.5,150,TRUE
Intel Core i7-12700,304,12,4.9,65,TRUE
AMD Ryzen 5 1600 (14nm),155,6,3.6,65,TRUE
AMD Ryzen 5 3600,174.08,6,4.2,65,TRUE
Intel Core i5-6500,116.47,4,3.6,65,FALSE
Intel Core i5-11400,158.98,6,4.4,65,TRUE
Intel Core i7-6700,210,4,4,65,TRUE
Intel Core i5-14600KF,304,14,5.3,125,TRUE
AMD Ryzen 7 2700,185.19,8,4.1,65,TRUE
Intel Core i9-9900KF,314.99,8,5,95,TRUE
Intel Core i7-10700KF,238.21,8,5.1,125,TRUE
Intel Core i3-4330,21,2,,54,TRUE
Intel Core i9-11900KF,270,8,5.3,125,TRUE
AMD Ryzen 5 3600,129.99,6,4.2,65,TRUE
Intel Core i5-14600K,328,14,5.3,125,TRUE
Intel Core i7-3770,120,4,,77,TRUE
AMD Threadripper 3960X,1450,24,4.5,280,TRUE
Intel Core i3-10100,111.1,4,4.3,65,TRUE
Intel Core i7-10700,243.73,8,4.8,65,TRUE
Intel Core i5-8600K,213,6,4.3,95,FALSE
Intel Core i5-4690K,90,4,3.9,88,FALSE
AMD Athlon 3000G (14nm),69.44,2,,35,TRUE
Intel Core i9-13900F,499,24,5.6,65,TRUE
AMD Ryzen 5 1600 (12nm),114.99,6,3.6,65,TRUE
Intel Core i5-7400,75.98,4,3.5,65,FALSE
AMD Ryzen 5 3600,,6,4.2,65,TRUE
Intel Core i3-9100F,115,4,4.2,65,FALSE
Intel Core i7-11700,237.99,8,4.9,65,TRUE
Intel Core i7-11700KF,269.86,8,5,125,TRUE
AMD Ryzen 3 2200G,150,4,3.7,65,FALSE
Intel Celeron G6900,76,2,,46,FALSE
AMD Ryzen 5 2400G,135,4,3.9,65,TRUE
Intel Core i5-7500,125.95,4,3.8,65,FALSE
Intel Core i7-9700,290.26,8,4.7,65,FALSE
Intel Pentium G3260,,2,,53,FALSE
Intel Core i7-3770K,122,4,,77,TRUE
Intel Core i3-8100,110,4,,65,FALSE
Intel Core i5-7600K,164,4,4.2,91,FALSE
Intel Core i7-4770K,145,4,3.9,84,TRUE
Intel Core i9-9980XE,2004.51,18,4.4,165,TRUE
Intel Core i7-9700F,305.18,8,4.7,65,FALSE
AMD Ryzen 7 1700,215,8,3.7,65,TRUE
AMD FX-8350,,8,,125,FALSE
Intel Core i5-4460,82.46,4,3.4,84,FALSE
Intel Xeon E5-2699 V4,490,22,3.6,145,TRUE
Intel Xeon E5-2687W V4,2429.89,12,3.5,160,TRUE
Intel Core i5-10600KF,175.99,6,4.8,125,TRUE
Intel Core i7-4790,144.5,4,4,84,TRUE
Intel Core i9-9900KS,1989,8,5,127,TRUE
AMD Ryzen 7 1700X,251,8,3.8,95,TRUE
Intel Core i9-10900KF,317.67,10,5.3,125,TRUE
Intel Core i5-12500,233.99,6,4.6,65,TRUE
Intel Celeron G5900,45.28,2,,58,FALSE
Intel Core i5-4590,,4,3.7,84,FALSE
Intel Celeron G4900,48.59,2,,65,FALSE
AMD Ryzen 9 3900XT,450,12,4.7,105,TRUE
AMD Ryzen 5 1600X,140,6,4,95,TRUE
AMD Ryzen 7 3700X,,8,4.4,65,TRUE
Intel Core i5-3470,156.68,4,,77,FALSE
AMD Ryzen 5 3600XT,365.95,6,4.5,95,TRUE
AMD Ryzen 5 3500X,,6,4.1,65,FALSE
AMD Ryzen 3 3300X,189.99,4,4.3,65,TRUE
Intel Core i5-12600,220.82,6,4.8,65,TRUE
Intel Core i5-9400,179.91,6,4.1,65,FALSE
Intel Core i5-11600KF,205,6,4.9,125,TRUE
AMD FX-6300,,6,,95,FALSE
Intel Pentium Gold G7400,80.99,2,,46,TRUE
AMD Ryzen 3 1200 (14nm),91.08,4,3.4,65,FALSE
Intel Core i9-10980XE,1220,18,4.8,165,TRUE
Intel Core i5-6400,,4,3.3,65,FALSE
AMD Threadripper 1900X,99.99,8,4,180,TRUE
AMD Ryzen 7 3800XT,399,8,4.7,105,TRUE
Intel Core i5-2500K,322.66,4,,95,FALSE
Intel Core i7-2600,130.88,4,,95,TRUE
AMD Ryzen 5 1400,110,4,3.4,65,TRUE
Intel Core i5-8500,184.47,6,4.1,65,FALSE
Intel Core i3-10105,99.95,4,4.4,65,TRUE
Intel Core i5-3570K,97,4,,77,FALSE
Intel Core i7-9700KF,310,8,4.9,95,FALSE
Intel Celeron G4930,76,2,,54,FALSE
AMD Ryzen 9 3950X,2147.03,16,4.7,105,TRUE
Intel Core i3-7350K,60,2,,60,TRUE
Intel Core i5-4690,87.99,4,3.9,84,FALSE
Intel Core i5-4570,135.94,4,,84,FALSE
Intel Core i5-9600KF,220.12,6,4.6,95,FALSE
AMD Ryzen 5 1500X,225,4,3.7,65,TRUE
Intel Xeon E5-2660,21.99,8,3,95,TRUE
Intel Core i3-6100,100,2,,51,TRUE
Intel Core i3-4150,48,2,,54,TRUE
Intel Core i9-10900X,610,10,4.7,165,TRUE
AMD Ryzen 7 1800X,295,8,4,95,TRUE
Intel Core i7-4790K,200,4,4.4,88,TRUE
Intel Core i5-2400,,4,,95,FALSE
AMD Ryzen 5 3500,,6,4.1,65,FALSE
Intel Celeron G5925,36.97,2,,58,FALSE
Intel Core 2 Duo E8400,27.55,2,,65,FALSE
Intel Xeon E5-2650 V4,79,12,2.9,105,TRUE
Intel Core i7-6800K,140,6,3.6,140,TRUE
Intel Core i5-6600,,4,3.9,65,FALSE
AMD Threadripper 1920X,270,12,4,180,TRUE
Intel Core i7-5820K,,6,3.6,140,TRUE
AMD FX-8320,125,8,,125,FALSE
Intel Core i7-6900K,160,8,3.7,140,TRUE
Intel Core i7-8700K,375.04,6,4.7,95,TRUE
AMD Athlon II X2 240,29.48,2,,65,FALSE
Intel Core i9-12900,451,16,5.1,65,TRUE
AMD Threadripper 2950X,1074.97,16,4.4,180,TRUE
Intel Pentium Gold G6400,63.9,2,,58,TRUE
Intel Xeon E5-2640 V3,38.04,8,3.4,90,TRUE
AMD Ryzen 9 PRO 7945,,12,5.4,65,TRUE
Intel Core i9-12900F,429.99,16,5.1,65,TRUE
Intel Core i7-2600K,115,4,,95,TRUE
Intel Core i9-10900F,307.48,10,5.2,65,TRUE
Intel Core i5-10500,238.99,6,4.5,65,TRUE
AMD Threadripper 2990WX,2500,32,4.2,250,TRUE
Intel Core i5-4670K,158.9,4,,84,FALSE
AMD Threadripper 2920X,199.95,12,4.3,180,TRUE
Intel Core i3-9100,148,4,4.2,65,FALSE
Intel Core i5-7600,125,4,4.1,65,FALSE
Intel Core i9-9900K,909.99,8,5,95,TRUE
Intel Core i3-7100,85.72,2,,51,TRUE
Intel Core i5-3570,,4,,77,FALSE
Intel Xeon E5-2690 V4,186.1,14,3.5,135,TRUE
Intel Core i7-6850K,130,6,3.8,140,TRUE
AMD Ryzen 9 3900X,,12,4.6,105,TRUE
AMD Threadripper 1950X,935.56,16,4,180,TRUE
Intel Core i7-4790,,4,4,84,TRUE
Intel Celeron G440,30,1,,35,FALSE
Intel Core i5-13600,,14,5,65,TRUE
Intel Core i9-7900X,416,10,4.5,140,TRUE
AMD Athlon X4 845,50,4,3.8,65,FALSE
Intel Celeron G4900,40,2,,65,FALSE
Intel Core i7-8700,345.74,6,4.6,65,TRUE
Intel Core i5-6500,,4,3.6,65,FALSE
Intel Core i7-2700K,94,4,,95,TRUE
Intel Core i9-9900,350,8,5,65,TRUE
Intel Core i7-8086K,523.91,6,5,95,TRUE
Intel Core i9-10900,317,10,5.2,65,TRUE
Intel Core i3-4130,43,2,,54,TRUE
Intel Core i5-4440,100,4,3.3,84,FALSE
Intel Core i9-7960X,338.07,16,4.4,165,TRUE
Intel Celeron E3500,14.99,2,,65,FALSE
Intel Core i5-9500,188,6,4.4,65,FALSE
Intel Core i9-11900F,289.89,8,5.2,65,TRUE
Intel Core i7-7700T,489.95,4,3.8,35,TRUE
AMD Athlon 200GE,132.24,2,,35,TRUE
AMD Ryzen 5 2600,,6,3.9,65,TRUE
Intel Core i5-9400F,,6,4.1,65,FALSE
Intel Core i5-8400,298.95,6,4,65,FALSE
AMD Ryzen 3 1200 (12nm),91.08,4,3.4,65,FALSE
Intel Core i5-11500,218.99,6,4.6,65,TRUE
Intel Core i7-7800X,499.99,6,4,140,TRUE
Intel Xeon E5-2670 V3,,12,3.1,120,TRUE
Intel Core i3-2100,49,2,,65,TRUE
Intel Core i5-8600,185.86,6,4.3,65,FALSE
Intel Core i9-11900,324.99,8,5.2,65,TRUE
Intel Core i7-7820X,351.86,8,4.5,140,TRUE
Intel Core i9-13900T,,24,5.3,35,TRUE
Intel Core i5-13500T,,14,4.6,35,TRUE
Intel Core i3-2120,125,2,,65,TRUE
Intel Core i7-7700,344,4,4.2,65,TRUE
Intel Xeon E5-2698 V3,,16,3.6,135,TRUE
Intel Core i7-6950X,600,10,3.5,140,TRUE
Intel Core i9-9900K (Standard Folding Box),480,8,5,95,TRUE
Intel Core i7-14700KF,393,20,5.6,125,TRUE
Intel Core i7-7700K,,4,4.5,91,TRUE
Intel Core i7-4930K,148,6,3.9,130,TRUE
AMD Ryzen 3 1300X,,4,3.7,65,FALSE
Intel Pentium Gold G5400,73,2,,58,TRUE
AMD FX-8370,234.98,8,4.3,125,FALSE
AMD Ryzen 5 3600X,,6,4.4,95,TRUE
AMD Ryzen 7 3800X,,8,4.5,105,TRUE
AMD Ryzen 5 2400G,195.45,4,3.9,65,TRUE
Intel Core i3-4170,,2,,54,TRUE
Intel Xeon E5-2680 V4,1975,14,3.3,120,TRUE
AMD FX-9590,302.58,8,5,220,FALSE
AMD Threadripper 2970WX,1150,24,4.2,250,TRUE
AMD Ryzen 3 3200G,,4,4,65,FALSE
Intel Core i7-6700,263.57,4,4,65,TRUE
Intel Core i9-10920X,779.99,12,4.8,165,TRUE
Intel Core i3-3220,,2,,55,TRUE
Intel Pentium G4400,43.99,2,,54,FALSE
AMD FX-8300,120,8,,95,FALSE
Intel Core i9-7920X,554.41,12,4.4,140,TRUE
Intel Pentium G4560,,2,,54,TRUE
Intel Core i5-2500,,4,,95,FALSE
Intel Core 2 Quad Q9550,52.55,4,,95,FALSE
AMD Ryzen 5 2600X,,6,4.2,95,TRUE
AMD Ryzen 9 3900,,12,,65,TRUE
AMD FX-6350,100,6,,125,FALSE
Intel Core i5-4670,146.3,4,,84,FALSE
Intel Celeron G3900,39.95,2,,51,FALSE
Intel Core i5-3330,,4,,77,FALSE
Intel Core i3-8100,124.01,4,,65,FALSE
Intel Celeron G5905,46.8,2,,58,FALSE
Intel Pentium E5700,19.98,2,,65,FALSE
Intel Core i7-9700K,,8,4.9,95,FALSE
Intel Core i7-5960X,,8,3.5,140,TRUE
Intel Core i5-10600,302.66,6,4.8,65,TRUE
Intel Core i3-8350K,185,4,,91,FALSE
Intel Core i7-920,90,4,,130,TRUE
Intel Core i7-5930K,,6,3.7,140,TRUE
AMD Ryzen 5 PRO 7645,,6,5.1,65,TRUE
Intel Core i9-7980XE,1186,18,4.4,165,TRUE
AMD Athlon X2 370K,,2,,65,FALSE
AMD FX-6120,58.53,6,4.1,95,FALSE
Intel Core i7-6700K,,4,4.2,91,TRUE
Intel Core i3-10300,109.99,4,4.4,65,TRUE
Intel Core i7-4820K,120.04,4,3.9,130,TRUE
AMD FX-4300,,4,,95,FALSE
AMD A4-6300,46.79,2,3.9,65,FALSE
AMD 5350,120,4,,25,FALSE
AMD Ryzen 5 3400G,,4,4.2,65,TRUE
Intel Celeron G4900T,59.95,2,,35,FALSE
AMD FX-6100,72.8,6,,95,FALSE
Intel Core i7-7740X,385,4,4.5,112,TRUE
Intel Core i5-4440S,123.85,4,3.3,65,FALSE
Intel Core i7-3930K,291.98,6,,130,TRUE
Intel Core i7-6950X,439,10,3.5,140,TRUE
Intel Celeron 420,49.95,1,,35,FALSE
Intel Pentium E2220,19.98,2,,65,FALSE
Intel Core i3-4160,,2,,54,TRUE
Intel Core i7-9700F,375.86,8,4.7,65,FALSE
AMD Phenom II X6 1090T Black,249.98,6,,125,FALSE
Intel Core i7-3820,,4,,130,TRUE
Intel Xeon E5-2650,52.27,8,2.8,95,TRUE
Intel Core i9-10940X,873.79,14,4.8,165,TRUE
Intel Core i5-2400S,70,4,,65,FALSE
Intel Core i7-4960X Extreme Edition,1000,6,4,130,TRUE
Intel Core i7-9800X,399.95,8,4.5,165,TRUE
AMD A8-7600,,4,3.8,65,FALSE
AMD A6-6400K,75,2,,65,FALSE
AMD A8-6600K,92.86,4,,100,FALSE
Intel Core i3-12100T,,4,4.1,35,TRUE
AMD Ryzen 7 PRO 7745,,8,5.3,65,TRUE
Intel Core i5-6402P,97,4,3.4,65,FALSE
Intel Xeon E5-2697 V2,,12,3.5,130,TRUE
AMD Ryzen 7 1700X,,8,3.8,95,TRUE
Intel Core i3-13100T,,4,4.2,35,TRUE
Intel Core i5-8500T,,6,3.5,35,FALSE
Intel Xeon E5-2683 V4,1969.95,16,3,120,TRUE
Intel Xeon E5-1630 V4,499.95,4,4,140,TRUE
Intel Core i7-9700,335.33,8,4.7,65,FALSE
Intel Xeon E5-2699 V3,,18,3.6,145,TRUE
Intel Xeon E5-2680,62.54,8,3.5,130,TRUE
Intel Pentium G4600,54.59,2,,51,TRUE
AMD A10-9700,120,4,3.8,65,FALSE
Intel Xeon E5-1620 V3,66.5,4,3.6,140,TRUE
Intel Core i7-4770S,230.61,4,,65,TRUE
Intel Xeon E5-2660 V4,206.63,14,3.2,105,TRUE
Intel Core i3-530,45,2,,73,TRUE
Intel Core i9-9960X,,16,4.4,165,TRUE
Intel Core i3-10305,109.99,4,4.5,65,TRUE
Intel Core i7-13700T,,16,4.9,35,TRUE
AMD Opteron 6344,81.67,12,3.2,115,FALSE
Intel Pentium G640,30,2,,65,FALSE
Intel Core 2 Quad Q6600,104.97,4,,100,FALSE
Intel Core i5-9600K,,6,4.6,95,FALSE
Intel Core i9-9980XE,1073,18,4.4,165,TRUE
AMD A10-7850K,139.84,4,4,95,FALSE
Intel Core i5-11600,220,6,4.8,65,TRUE
AMD A10-6800K,,4,,100,FALSE
Intel Core i7-870,100,4,,95,TRUE
Intel Celeron E3400,18.98,2,,65,FALSE
Intel Xeon E3-1231 V3,,4,3.8,80,TRUE
Intel Core i5-7640X,146,4,4.2,112,FALSE
Intel Core 2 Quad Q9300,98.95,4,,95,FALSE
AMD Athlon II X4 640,57.01,4,,95,FALSE
Intel Pentium Gold G6405,88.19,2,,58,TRUE
Intel Core i5-4430,,4,,84,FALSE
AMD Ryzen 7 2700,,8,4.1,65,TRUE
Intel Xeon E5-1650 V3,138.51,6,3.8,140,TRUE
Intel Pentium E5400,,2,,65,FALSE
Intel Core i7-10700K Avengers Collector's Edition,269,8,5.1,125,TRUE
Intel Core i5-9600,210,6,4.6,65,FALSE
Intel Xeon E5-1660 V3,398.95,8,3.5,140,TRUE
Intel Core i7-860,339,4,,95,TRUE
Intel Core i3-6300,90.03,2,,51,TRUE
Intel Pentium Gold G5400,99,2,,58,TRUE
Intel Core i7-5775C,240,4,3.7,65,TRUE
Intel Core i7-7800X,289.95,6,4,140,TRUE
AMD FX-9370,229.97,8,4.7,220,FALSE
AMD FX-8350,202.57,8,,125,FALSE
Intel Xeon E5-2630,37.49,6,,95,TRUE
Intel Xeon E5-2630 V3,169.95,8,3.2,85,TRUE
Intel Core i7-980X Extreme Edition,153.64,6,,130,TRUE
AMD FX-4350,122.96,4,,125,FALSE
AMD A8-9600,,4,3.4,65,FALSE
Intel Pentium Gold G6600,,2,,58,TRUE
Intel Core i5-3450,245.33,4,,77,FALSE
Intel Xeon E5-2620 V3,46.19,6,3.2,85,TRUE
Intel Core i7-950,100,4,,130,TRUE
Intel Xeon E5-2650 V2,185,8,3.4,95,TRUE
Intel Core i5-4590S,,4,3.7,65,FALSE
Intel Core i7-4790S,,4,4,65,TRUE
AMD Ryzen 3 2200G,,4,3.7,65,FALSE
AMD FX-6300,78.51,6,,95,FALSE
Intel Core i7-4770K,228.9,4,3.9,84,TRUE
Intel Core i3-3240,113.99,2,,55,TRUE
Intel Pentium Gold G6605,47.98,2,,58,TRUE
Intel Core 2 Quad Q9650,,4,,95,FALSE
Intel Core 2 Extreme QX9770,,4,,136,FALSE
AMD Athlon II 160u,,1,,20,FALSE
Intel Core i5-8600K,,6,4.3,95,FALSE
Intel Core i5-7400T,119,4,3,35,FALSE
Intel Core i9-7900X,1498.95,10,4.5,140,TRUE
Intel Core i5-2320,,4,,95,FALSE
Intel Pentium G2020,34.99,2,,55,FALSE
Intel Core i7-3770S,206,4,,65,TRUE
AMD A6-9500,89.95,2,3.8,65,FALSE
Intel Core i5-750,81,4,,95,FALSE
Intel Pentium G3258,68,2,,53,FALSE
Intel Xeon E5-2690 V2,,10,3.6,130,TRUE
Intel Celeron G4920,69.95,2,,65,FALSE
Intel Core 2 Extreme QX6800,998.95,4,,100,FALSE
Intel Xeon E3-1275 V3,,4,3.9,84,TRUE
Intel Xeon E5-2660,,8,3,95,TRUE
Intel Xeon E3-1230 V5,298.95,4,3.8,80,TRUE
Intel Core i7-7700T,390,4,3.8,35,TRUE
Intel Core i3-4370,60,2,,54,TRUE
Intel Core i7-3970X Extreme Edition,256.19,6,,150,TRUE
Intel Core i7-7740X,210,4,4.5,112,TRUE
Intel Xeon E5-2683 V4,865.49,16,3,120,TRUE
Intel Core i7-8700T,335,6,4,35,TRUE
Intel Core i5-7500,,4,3.8,65,FALSE
Intel Xeon E5-2620 V4,259.99,8,3,85,TRUE
Intel Core i7-4770K,241.42,4,3.9,84,TRUE
Intel Xeon E5-1650 V4,,6,4,140,TRUE
Intel Core i9-7980XE,1698.95,18,4.4,165,TRUE
Intel Core i5-9500T,,6,3.7,35,FALSE
AMD Athlon X4 950,,4,3.8,65,FALSE
AMD FX-8120,,8,,125,FALSE
Intel Core i9-9900T,,8,4.4,35,TRUE
Intel Xeon E5-4620,52,8,2.6,95,TRUE
Intel Core i5-9600KF,309.95,6,4.6,95,FALSE
Intel Core i5-4690K,160.65,4,3.9,88,FALSE
Intel Xeon E5-2667 V3,981.57,8,3.6,135,TRUE
Intel Core i3-4130T,76,2,,35,TRUE
AMD Phenom II X4 965 Black,,4,,125,FALSE
Intel Xeon E-2176G,424.99,6,4.7,80,TRUE
Intel Xeon E5-2697 V4,,18,3.6,145,TRUE
AMD FX-8320E,,8,4,95,FALSE
Intel Xeon E5-2690 V3,,12,3.5,135,TRUE
Intel Core i5-9500F,,6,4.4,65,FALSE
Intel Pentium Gold G6500,89.99,2,,58,TRUE
Intel Core i3-550,108.21,2,,73,TRUE
Intel Core i9-9920X,,12,4.4,165,TRUE
AMD A8-7650K,,4,3.7,95,FALSE
Intel Core i7-6700T,,4,3.6,35,TRUE
Intel Xeon E5-1660 V2,504.07,6,4,130,TRUE
Intel Core i5-7500T,199.95,4,3.3,35,FALSE
Intel Core i5-6600T,294.98,4,3.5,35,FALSE
Intel Core i5-650,100,2,,73,TRUE
Intel Core i7-4790T,179.88,4,3.9,45,TRUE
Intel Core i5-7400,130.31,4,3.5,65,FALSE
Intel Xeon E5-2670,,8,3.3,115,TRUE
AMD A10-7800,,4,3.9,65,FALSE
AMD Athlon II X4 630,52.6,4,,95,FALSE
Intel Core 2 Duo E8500,,2,,65,FALSE
Intel Core 2 Duo E7300,28.2,2,,65,FALSE
Intel Core i3-10320,134,4,4.6,65,TRUE
Intel Pentium G2030,,2,,55,FALSE
AMD Athlon X4 860K,,4,4,95,FALSE
Intel Core i9-7940X,,14,4.4,165,TRUE
Intel Core i3-8300,,4,,62,FALSE
Intel Celeron G5920,39.99,2,,58,FALSE
Intel Xeon E3-1220 V3,100.99,4,3.5,80,FALSE
Intel Core i9-9900X,1229.95,10,4.4,165,TRUE
Intel Core i5-2380P,70,4,,95,FALSE
Intel Pentium Gold G6600,152.19,2,,58,TRUE
Intel Core i5-4570S,99.99,4,,65,FALSE
AMD Ryzen 3 1200 (12nm),,4,3.4,65,FALSE
Intel Core i5-3350P,,4,,69,FALSE
Intel Xeon E5-2660 V3,,10,3.3,105,TRUE
Intel Pentium Gold G5420,,2,,54,TRUE
Intel Xeon E5-2695 V2,189,12,3.2,115,TRUE
Intel Pentium G4500,49.99,2,,51,FALSE
Intel Xeon E3-1270 V3,420,4,3.9,80,TRUE
Intel Core i5-6500T,,4,3.1,35,FALSE
AMD A6-7400K,89.99,2,3.9,65,FALSE
Intel Celeron G3930,55,2,,51,FALSE
Intel Core i5-3550,335,4,,77,FALSE
AMD Phenom II X6 1100T Black,,6,,125,FALSE
Intel Core i5-7600K,,4,4.2,91,FALSE
AMD A8-7680,,4,3.8,65,FALSE
Intel Core i9-10850K,,10,5.2,125,TRUE
Intel Core i5-3340,278.02,4,3.3,77,FALSE
AMD 2650,,2,,25,FALSE
Intel Xeon E5-2698 V4,,20,3.6,135,TRUE
Intel Core i5-4690K,,4,3.9,88,FALSE
AMD Athlon II X4 640,74.79,4,,95,FALSE
Intel Core i7-2600S,355.29,4,,65,TRUE
Intel Xeon E-2236,435,6,4.8,80,TRUE
Intel Core 2 Duo E7500,99.63,2,,65,FALSE
AMD Phenom II X4 955,,4,,125,FALSE
Intel Core i7-990X Extreme Edition,,6,,130,TRUE
Intel Xeon E5-2667 V2,,8,4,130,TRUE
Intel Xeon E5-2640 V4,998.95,10,3.4,90,TRUE
Intel Core i3-9300,189.99,4,4.3,62,FALSE
Intel Core i7-960,345,4,,130,TRUE
Intel Xeon E5-2695 V4,,18,3.3,120,TRUE
Intel Core i5-10600K,,6,4.8,125,TRUE
AMD A10-7700K,132.86,4,3.8,95,FALSE
AMD Athlon X4 970,,4,4,65,FALSE
Intel Xeon E3-1230 V3,327,4,3.7,80,TRUE
Intel Xeon E3-1230 V2,271.85,4,,69,TRUE
Intel Celeron G1610,37,2,,55,FALSE
Intel Xeon E-2136,395.82,6,4.5,80,TRUE
Intel Xeon E5-1620 V4,148.94,4,3.8,140,TRUE
Intel Core i9-9820X,,10,4.1,165,TRUE
AMD A10-5800K,,4,,100,FALSE
AMD A10-7890K,,4,4.3,95,FALSE
Intel Celeron G3920,489.95,2,,35,FALSE
Intel Core i5-760,100,4,,95,FALSE
Intel Celeron G3900,93.48,2,,51,FALSE
AMD Phenom II X4 945,,4,,125,FALSE
AMD FX-4100,,4,,95,FALSE
Intel Core i7-4771,,4,3.9,84,TRUE
AMD A12-9800,160,4,4.2,65,FALSE
Intel Core i7-930,257.27,4,,130,TRUE
Intel Xeon E5-2687W V3,,10,3.5,160,TRUE
Intel Core i5-4670S,534,4,3.8,65,FALSE
Intel Core i5-3470S,,4,,65,FALSE
Intel Core i5-8600T,,6,3.7,35,FALSE
Intel Core i9-10900K,,10,5.3,125,TRUE
AMD Athlon 240GE,,2,,35,TRUE
Intel Core i3-3250,70,2,,55,TRUE
Intel Core i5-9400,,6,4.1,65,FALSE
Intel Core i9-10850KA Avengers Limited Edition,,10,5.2,125,TRUE
Intel Core i5-2300,,4,,95,FALSE
AMD Athlon 200GE,,2,,35,TRUE
Intel Core i3-2130,,2,,65,TRUE
AMD FX-9590,,8,5,220,FALSE
AMD A10-7860k,,4,4,65,FALSE
AMD Athlon 220GE,,2,,35,TRUE
Intel Core i3-7320,102.9,2,,51,TRUE
Intel Core i3-2120T,60,2,,35,TRUE
Intel Core i5-3450S,95,4,,65,FALSE
AMD A10-6700,112.76,4,,65,FALSE
AMD FX-8150,,8,,125,FALSE
Intel Core i5-7600,,4,4.1,65,FALSE
Intel Core i9-9900,,8,5,65,TRUE
Intel Core 2 Extreme QX9775,1489.95,4,,150,FALSE
Intel Core i7-3960X Extreme Edition,274.85,6,,130,TRUE
Intel Core i9-9960X,1399.99,16,4.4,165,TRUE
Intel Xeon E3-1241 V3,298,4,3.9,80,TRUE
Intel Core i5-4690,147.91,4,3.9,84,FALSE
AMD Threadripper 2990WX,,32,4.2,250,TRUE
Intel Core i3-10100T,,4,3.8,35,TRUE
AMD Phenom II X6 1055T,,6,,125,FALSE
Intel Pentium E6600,50,2,,65,FALSE
Intel Xeon E3-1246 V3,,4,3.9,84,TRUE
Intel Core i5-4460S,,4,3.4,65,FALSE
Intel Core i5-8500,,6,4.1,65,FALSE
Intel Core i3-4340,60,2,,54,TRUE
Intel Pentium G3420,53,2,,54,FALSE
Intel Pentium E2200,,2,,65,FALSE
Intel Core 2 Duo E6400,35,2,,65,FALSE
Intel Core i5-2310,,4,,95,FALSE
Intel Xeon E5-2697 V3,,14,3.6,145,TRUE
AMD Phenom II X4 820,56.64,4,,95,FALSE
AMD A10-5700,72.51,4,,65,FALSE
Intel Core i3-6098P,70,2,,54,TRUE
Intel Core i3-3210,70,2,,55,TRUE
Intel Core i3-6100T,,2,,35,TRUE
Intel Xeon E3-1240L V5,,4,3.2,25,TRUE
Intel Core i7-940,78.67,4,,130,TRUE
Intel Core i3-9350KF,256.06,4,4.6,91,FALSE
Intel Xeon E-2278G,,8,5,80,TRUE
Intel Pentium E2140,79.95,2,,65,FALSE
Intel Xeon E5-1650 V2,452.66,6,3.9,130,TRUE
Intel Xeon E5-1620,,4,3.8,130,TRUE
Intel Pentium G3250,65,2,,53,FALSE
Intel Core i3-9100T,,4,3.7,35,FALSE
Intel Core i7-980,556.02,6,,130,TRUE
Intel Pentium G630,37.49,2,,65,FALSE
AMD FX-8320,106.55,8,,125,FALSE
Intel Xeon E5-1650 V3,,6,3.8,140,TRUE
Intel Xeon E5-2680 V3,,12,3.3,120,TRUE
Intel Xeon E5-2643 V4,268.05,6,3.7,135,TRUE
Intel Pentium Gold G5400T,98.95,2,,35,TRUE
AMD Sempron 145,,1,,45,FALSE
Intel Pentium G3220,,2,,54,FALSE
Intel Core i3-8100T,,4,,35,FALSE
Intel Xeon E-2286G,787.99,6,4.9,95,TRUE
Intel Core 2 Extreme QX9650,152.52,4,,130,FALSE
Intel Core i3-560,60,2,,73,TRUE
AMD A4-3300,89.95,2,,65,FALSE
AMD A10-7870K,324.6,4,4.1,95,FALSE
Intel Xeon E-2124,180,4,4.3,71,FALSE
Intel Core i7-5775C,905,4,3.7,65,TRUE
Intel Core 2 Quad Q6600,361.83,4,,100,FALSE
Intel Core 2 Quad Q9550,286.27,4,,95,FALSE
AMD FX-6350,,6,,125,FALSE
Intel Xeon E3-1245 V6,629.95,4,4.1,73,TRUE
Intel Xeon E5-2680 V2,,10,3.6,115,TRUE
Intel Xeon E5-2630L V3,410,8,2.9,55,TRUE
Intel Core 2 Duo E8600,,2,,65,FALSE
Intel Xeon E-2288G,,8,5,95,TRUE
AMD A12-9800E,138.02,4,3.8,35,FALSE
Intel Core i9-9940X,1205.04,14,4.4,165,TRUE
Intel Core i3-6300T,90.03,2,,35,TRUE
Intel Core i7-920,,4,,130,TRUE
Intel Core i3-3225,,2,,55,TRUE
AMD A8-5600K,,4,,100,FALSE
AMD A8-5500,,4,,65,FALSE
AMD FX-4350,108.02,4,,125,FALSE
AMD A4-7300,268.64,2,4,65,FALSE
Intel Core i3-6100,209.95,2,,51,TRUE
AMD Athlon 5370,,4,,25,FALSE
Intel Core i9-9940X,,14,4.4,165,TRUE
Intel Core i3-6320,130,2,,51,TRUE
Intel Celeron 440,49.99,1,,35,FALSE
AMD Athlon X4 750K,,4,,100,FALSE
Intel Core i5-4570T,128.8,2,,35,TRUE
Intel Xeon E5-2670,184.91,8,3.3,115,TRUE
Intel Xeon E3-1220 V2,,4,,69,FALSE
AMD A8-6500,226.79,4,,65,FALSE
Intel Celeron G1840,,2,,53,FALSE
Intel Xeon E5-1680 V3,,8,3.8,140,TRUE
Intel Core i5-8400T,,6,3.3,35,FALSE
Intel Core i7-9700T,,8,4.3,35,FALSE
Intel Core i5-4590T,,4,,35,TRUE
Intel Core i3-10325,,4,4.7,65,TRUE
Intel Core i5-7400T,78.02,4,3,35,FALSE
Intel Xeon E3-1265L V3,398.95,4,3.7,45,TRUE
Intel Core i7-6850K,,6,3.8,140,TRUE
Intel Core i3-7100T,109,2,,35,TRUE
Intel Xeon E-2176G,,6,4.7,80,TRUE
Intel Core i9-9900X,,10,4.4,165,TRUE
Intel Pentium E2160,49,2,,65,FALSE
Intel Core 2 Duo E7400,,2,,65,FALSE
Intel Core 2 Quad Q9400,,4,,95,FALSE
Intel Xeon E5-2687W,,8,3.8,150,TRUE
Intel Core i5-5675C,,4,3.6,65,FALSE
AMD Athlon X4 880K,,4,4.2,95,FALSE
AMD Ryzen 7 1800X,,8,4,95,TRUE
Intel Core i5-3330S,229.95,4,3.2,65,FALSE
Intel Xeon E-2276G,669.6,6,4.9,80,TRUE
Intel Xeon E5-2650L,149.94,8,2.3,70,TRUE
AMD A10-9700E,247.98,4,3.5,35,FALSE
Intel Core i5-661,80,2,,87,TRUE
Intel Xeon E5-2630 V4,409.57,10,3.1,85,TRUE
Intel Core 2 Duo E8400,76.98,2,,65,FALSE
Intel Xeon E3-1220,115,4,,80,FALSE
AMD Athlon X4 760K,,4,4.1,100,FALSE
Intel Xeon E3-1225 V3,,4,3.6,84,FALSE
Intel Xeon E3-1271 V3,,4,4,80,TRUE
Intel Core i7-6800K,355.86,6,3.6,140,TRUE
Intel Core i7-7820X,498.95,8,4.5,140,TRUE
Intel Core i5-3570S,,4,3.8,65,FALSE
Intel Xeon E-2146G,962.69,6,4.5,80,TRUE
Intel Xeon E3-1240 V6,230,4,4.1,72,TRUE
AMD Athlon II X4 620,59.49,4,,95,FALSE
Intel Xeon E3-1280 V5,,4,4,80,TRUE
Intel Core i3-540,110,2,,73,TRUE
AMD A8-3850,,4,,100,FALSE
Intel Pentium G630T,75,2,,35,FALSE
Intel Xeon E3-1240 V2,345,4,,69,TRUE
Intel Xeon E3-1275 V6,362.84,4,4.2,73,TRUE
Intel Core i3-8350K,,4,,91,FALSE
AMD Threadripper 2950X,,16,4.4,180,TRUE
Intel Core i7-965 Extreme Edition,798.95,4,,130,TRUE
AMD A10-6700,83.22,4,,65,FALSE
AMD A6-3670K,,4,,100,FALSE
Intel Core i5-7600T,147.91,4,3.7,35,FALSE
Intel Xeon E-2274G,575,4,4.9,83,TRUE
Intel Celeron 420,,1,,35,FALSE
Intel Pentium E2180,,2,,65,FALSE
Intel Core 2 Quad Q8400,149.99,4,,95,FALSE
AMD FX-6200,,6,,125,FALSE
Intel Xeon E3-1275 V2,,4,,77,TRUE
AMD 3850,,4,,25,FALSE
Intel Pentium G3240,,2,,53,FALSE
Intel Core i3-6100T,289.95,2,,35,TRUE
AMD Athlon 3000G (14nm),,2,,35,TRUE
AMD FX-9370,,8,4.7,220,FALSE
AMD FX-8370,283.33,8,4.3,125,FALSE
Intel Xeon E5-2623 V3,229.95,4,3.5,105,TRUE
Intel Core i5-7500T,250,4,3.3,35,FALSE
Intel Pentium E5300,59.49,2,,65,FALSE
Intel Core i7-880,,4,,95,TRUE
AMD Athlon II X2 250,,2,,65,FALSE
AMD Athlon II X2 270,,2,,65,FALSE
Intel Xeon E3-1226 V3,,4,3.7,84,FALSE
Intel Xeon E5-1630 V3,,4,3.8,140,TRUE
AMD Phenom II X2 B59,,2,,80,FALSE
Intel Xeon E5-2650 V3,,10,3,105,TRUE
Intel Xeon E3-1270 V2,,4,,69,TRUE
Intel Core i7-3770T,,4,3.7,45,TRUE
AMD Opteron 6378,,16,3.3,115,FALSE
AMD A6-9500E,,2,3.4,35,FALSE
Intel Xeon E5-2650L V4,,14,2.5,65,TRUE
Intel Core i5-8600,256.5,6,4.3,65,FALSE
Intel Core i7-860,198.25,4,,95,TRUE
Intel Xeon E5-4650,,8,3.3,130,TRUE
Intel Core i5-4690S,,4,3.9,65,FALSE
AMD A4-6300B,49.95,2,3.9,65,FALSE
Intel Xeon E5-2643 V3,549.95,6,3.7,135,TRUE
AMD Phenom II X4 940 Black,,4,,125,FALSE
AMD A8-3870K,,4,,100,FALSE
AMD A4-5300,,2,,65,FALSE
AMD FX-4130,,4,,125,FALSE
Intel Xeon E3-1240 V3,,4,3.8,80,TRUE
Intel Xeon E5-1650,,6,3.8,130,TRUE
Intel Core i5-6400T,,4,2.8,35,FALSE
Intel Xeon E3-1235L V5,,4,3,25,FALSE
Intel Core i5-9400T,,6,3.4,35,FALSE
Intel Core i5-9600T,,6,3.9,35,FALSE
Intel Xeon E3-1245 V2,367.5,4,,77,TRUE
Intel Xeon E3-1275,376.99,4,,95,TRUE
Intel Xeon E5-2687W V2,,8,4,150,TRUE
Intel Xeon E5-2690,,8,3.8,135,TRUE
Intel Xeon E-2124G,210,4,4.5,71,FALSE
Intel Core i7-860S,100,4,,82,TRUE
Intel Core 2 Quad Q8300,,4,,95,FALSE
Intel Core i7-970,,6,,130,TRUE
AMD Phenom II X6 1045T,,6,,95,FALSE
Intel Xeon E3-1230,417.95,4,,80,TRUE
AMD A4-4000,,2,,65,FALSE
Intel Xeon E5-2620 V2,,6,2.6,80,TRUE
Intel Xeon E5-2620,,6,,95,TRUE
Intel Xeon E5-1620 V2,,4,3.9,130,TRUE
Intel Xeon E5-2650L V2,,10,2.1,70,TRUE
Intel Xeon E3-1225 V5,295,4,3.7,80,FALSE
Intel Xeon E5-2420V2,,6,2.7,80,TRUE
AMD Threadripper 2970WX,,24,4.2,250,TRUE
Intel Core i5-9500,,6,4.4,65,FALSE
AMD Athlon II X2 220,,2,,65,FALSE
Intel Core 2 Extreme QX6850,449.95,4,,130,FALSE
Intel Xeon E5-2609,57.99,4,,80,FALSE
AMD Opteron 6328,715.1,8,3.8,115,FALSE
AMD A10-5800K,82.51,4,,100,FALSE
Intel Xeon E5-2470V2,529.95,10,3.2,95,TRUE
AMD Phenom II X4 955 Black,,4,,125,FALSE
Intel Core i5-680,,2,,73,TRUE
Intel Xeon E3-1245 V3,,4,3.8,84,TRUE
AMD 5150,,4,,25,FALSE
Intel Pentium G3450,,2,,53,FALSE
AMD FX-8370E,,8,4.3,95,FALSE
AMD Athlon X4 840,,4,3.8,65,FALSE
Intel Xeon E5-2660 V3,198.95,10,3.3,105,TRUE
Intel Pentium G4560T,79.98,2,,35,TRUE
Intel Xeon E3-1230 V6,,4,3.9,72,TRUE
AMD Threadripper 2920X,,12,4.3,180,TRUE
Intel Core i3-9350K,,4,4.6,91,FALSE
AMD Athlon II X4 635,58.02,4,,95,FALSE
Intel Celeron 430,64.77,1,,35,FALSE
Intel Celeron 440,34.99,1,,35,FALSE
Intel Celeron G530,68,2,,65,FALSE
Intel Core i3-3220T,120,2,,35,TRUE
Intel Pentium G4600,64.59,2,,51,TRUE
AMD Phenom II X2 555 Black,,2,,80,FALSE
Intel Pentium E2200,54,2,,65,FALSE
Intel Core i7-875K,379.98,4,,95,TRUE
AMD Phenom II X6 1075T,,6,,95,FALSE
Intel Pentium E6800,,2,,65,FALSE
Intel Pentium G620,,2,,65,FALSE
Intel Pentium G645,83,2,,65,FALSE
AMD Athlon X2 340,120,2,,65,FALSE
Intel Xeon E5-2670 V2,,10,3.3,115,TRUE
Intel Xeon E5-1620 V4,186.52,4,3.8,140,TRUE
Intel Core i7-7800X,,6,4,140,TRUE
AMD A6-7480,,2,3.8,65,FALSE
Intel Xeon E3-1275 V2,374,4,,77,TRUE
AMD Athlon II X3 435,159.94,3,,95,FALSE
Intel Core i7-6900K,355.06,8,3.7,140,TRUE
Intel Xeon E5-2683 V3,,14,3,120,TRUE
AMD Phenom II X2 550 Black,,2,,80,FALSE
Intel Core 2 Duo E6550,,2,,65,FALSE
Intel Core i7-975 Extreme Edition,,4,,130,TRUE
AMD Athlon II X3 450,,3,,95,FALSE
AMD A4-3400,134.09,2,,65,FALSE
AMD A6-5400K,,2,,65,FALSE
Intel Xeon E3-1280,,4,,95,TRUE
Intel Core i7-7700T,,4,3.8,35,TRUE
Intel Core i9-7960X,,16,4.4,165,TRUE
Intel Pentium G2130,,2,,55,FALSE
Intel Xeon E5-2660 V2,,10,3,95,TRUE
Intel Xeon E3-1285 V6,949.95,4,4.5,79,TRUE
Intel Xeon E5-2630 V2,,6,3.1,80,TRUE
Intel Core 2 Duo E4500,,2,,65,FALSE
Intel Core 2 Duo E7200,80.98,2,,65,FALSE
Intel Core i7-870,229.95,4,,95,TRUE
Intel Core 2 Extreme QX6700,605.64,4,,100,FALSE
Intel Celeron G1620,,2,,55,FALSE
Intel Xeon E5-2640,93.99,6,3,95,TRUE
Intel Core i3-4360,,2,,54,TRUE
Intel Xeon E5-2643 V2,398.95,6,3.8,130,TRUE
Intel Core i5-4570S,,4,,65,FALSE
Intel Pentium G3470,94,2,,53,FALSE
Intel Xeon E3-1245 V5,,4,3.9,80,TRUE
Intel Xeon E5-2609 V4,304.29,8,,85,FALSE
Intel Core i3-2125,152,2,,65,TRUE
Intel Xeon E-2104G,327.81,4,,65,FALSE
Intel Core i3-3245,80,2,,55,TRUE
Intel Xeon E3-1220 V6,389.95,4,3.5,72,FALSE
Intel Xeon E-2174G,549.95,4,4.7,71,TRUE
Intel Celeron 430,,1,,35,FALSE
Intel Celeron E3400,,2,,65,FALSE
Intel Core 2 Quad Q6700,,4,,100,FALSE
Intel Core i3-2100T,,2,,35,TRUE
AMD Phenom II X4 975,,4,,125,FALSE
AMD Phenom II X4 840,,4,,95,FALSE
Intel Xeon E3-1225 V2,199.99,4,,77,FALSE
Intel Xeon E3-1265L V2,,4,,45,TRUE
AMD A10-6790K,,4,4.3,100,FALSE
Intel Celeron G1820,,2,,53,FALSE
Intel Xeon E5-2650L V3,,12,2.5,65,TRUE
Intel Core i3-3240,,2,,55,TRUE
Intel Core i7-4770T,,4,,45,TRUE
Intel Pentium G4400,,2,,54,FALSE
Intel Core i3-7350K,,2,,60,TRUE
Intel Celeron G3950,,2,,51,FALSE
Intel Pentium Gold G5500,,2,,54,TRUE
Intel Pentium Gold G5600,,2,,54,TRUE
Intel Pentium G3460,54.49,2,,53,FALSE
AMD Phenom II X4 830,59.58,4,,95,FALSE
Intel Pentium G3460,64.48,2,,53,FALSE
Intel Xeon E5-2603 V3,99.26,6,,85,FALSE
Intel Xeon E3-1220 V5,354.97,4,3.5,80,FALSE
AMD A6-7470K,89,2,4,65,FALSE
Intel Pentium G4620,249.95,2,,51,TRUE
Intel Celeron 450,,1,,35,FALSE
Intel Celeron E1200,,2,,65,FALSE
Intel Core 2 Duo E6400,129.94,2,,65,FALSE
Intel Core 2 Duo E6750,,2,,65,FALSE
Intel Core 2 Duo E6750,129.94,2,,65,FALSE
Intel Core 2 Quad Q9450,,4,,95,FALSE
Intel Core 2 Extreme X6800,499.95,2,,75,FALSE
AMD Athlon II X4 645,,4,,95,FALSE
AMD Phenom II X4 970 Black,,4,,125,FALSE
AMD Sempron 140,,1,,45,FALSE
AMD Phenom II X4 965,,4,,125,FALSE
AMD Phenom II X4 980 Black,,4,,125,FALSE
AMD A6-3500,,3,,65,FALSE
Intel Core i5-2550K,,4,,95,FALSE
Intel Pentium G640T,84.88,2,,35,FALSE
Intel Pentium G2120,52,2,,55,FALSE
Intel Xeon E3-1245,245,4,,95,TRUE
AMD Athlon X4 740,,4,,65,FALSE
Intel Pentium G2140,45,2,,55,FALSE
Intel Xeon E5-2665,420.71,8,3.1,115,TRUE
Intel Celeron G1850,,2,,53,FALSE
AMD Sempron 150,,1,,45,FALSE
AMD A4-3450,,2,,65,FALSE
Intel Celeron G470,,1,,35,TRUE
Intel Xeon E3-1276 V3,,4,4,84,TRUE
Intel Xeon E3-1240 V5,288.24,4,3.9,80,TRUE
Intel Xeon E3-1260L V5,,4,3.9,45,TRUE
Intel Core i7-6950X,,10,3.5,140,TRUE
Intel Core i5-7600T,229.95,4,3.7,35,FALSE
AMD A8-7670K,,4,3.9,95,FALSE
Intel Xeon E5-2450V2,,8,3.3,95,TRUE
Intel Core i3-9300,,4,4.3,62,FALSE
Intel Core 2 Duo E4300,,2,,65,FALSE
AMD Phenom II X6 1035T,,6,,95,FALSE
Intel Pentium G3430,61.57,2,,54,FALSE
Intel Xeon E5-2620,77,6,,95,TRUE
Intel Xeon E5-2637 V3,470.62,4,3.7,135,TRUE
Intel Xeon E5-2695 V3,498.95,14,3.3,120,TRUE
AMD Opteron 6328,715.11,8,3.8,115,FALSE
Intel Core i9-7920X,,12,4.4,140,TRUE
AMD Phenom II X4 920,,4,,125,FALSE
Intel Celeron E1600,,2,,65,FALSE
Intel Core 2 Duo E4300,70,2,,65,FALSE
Intel Pentium E5500,,2,,65,FALSE
Intel Core 2 Duo E6320,,2,,65,FALSE
Intel Core 2 Duo E6320,198.95,2,,65,FALSE
Intel Core 2 Duo E6420,149.94,2,,65,FALSE
Intel Pentium E6500,88.54,2,,65,FALSE
Intel Core i5-655K,,2,,73,TRUE
Intel Core i5-670,127.01,2,,73,TRUE
Intel Core 2 Quad Q9550,,4,,95,FALSE
Intel Pentium E5800,,2,,65,FALSE
AMD A6-3650,,4,,100,FALSE
Intel Celeron G540,69.98,2,,65,FALSE
AMD Phenom II X4 960T Black,,4,,95,FALSE
AMD Athlon II X4 641,,4,,100,FALSE
AMD FX-8300,,8,,95,FALSE
Intel Xeon E3-1235,219,4,,95,TRUE
Intel Pentium G2010,,2,,55,FALSE
Intel Xeon E5-2630L V2,,6,,60,TRUE
AMD Sempron X2 250,,2,3.6,65,FALSE
Intel Xeon E5-2640 V3,426.99,8,3.4,90,TRUE
Intel Xeon E5-2695 V3,,14,3.3,120,TRUE
Intel Xeon E3-1270 V3,,4,3.9,80,TRUE
AMD FX-8310,,8,4.3,95,FALSE
Intel Pentium G4400T,,2,,35,FALSE
Intel Xeon E3-1270 V5,,4,4,80,TRUE
Intel Core i7-6800K,,6,3.6,140,TRUE
AMD Athlon X4 870K,,4,4.1,95,FALSE
Intel Core i3-7300T,125.36,2,,35,TRUE
Intel Core i9-7900X,,10,4.5,140,TRUE
Intel Xeon E3-1245 V6,589.95,4,4.1,73,TRUE
AMD Athlon X4 940,,4,3.6,65,FALSE
Intel Core i3-8300T,,4,,35,FALSE
Intel Xeon E-2244G,,4,4.8,71,TRUE
Intel Xeon E-2246G,,6,4.8,80,TRUE
Intel Celeron G5925,,2,,58,FALSE
Intel Pentium G6950,47.48,2,,73,FALSE
Intel Celeron E3300,64.78,2,,65,FALSE
Intel Core i5-660,255.29,2,,73,TRUE
Intel Core i3-2105,60,2,,65,TRUE
Intel Xeon E5-2603,98.95,4,,80,FALSE
AMD Athlon II X2 250u,,2,,25,FALSE
AMD Phenom II X3 740 Black,,3,,95,FALSE
Intel Celeron E1400,,2,,65,FALSE
Intel Core 2 Duo E4400,108,2,,65,FALSE
Intel Pentium E5200,,2,,65,FALSE
Intel Pentium E6300,,2,,65,FALSE
Intel Core 2 Duo E6550,149.94,2,,65,FALSE
Intel Core 2 Duo E7500,,2,,65,FALSE
Intel Core 2 Duo E7600,169.95,2,,65,FALSE
Intel Core i5-750,398,4,,95,FALSE
Intel Core 2 Quad Q9300,172,4,,95,FALSE
Intel Core 2 Quad Q9505,249.95,4,,95,FALSE
Intel Core 2 Quad Q9550S,,4,,65,FALSE
AMD Athlon II X2 245,,2,,65,FALSE
AMD Athlon II X3 460,,3,,95,FALSE
AMD Sempron 130,,1,,45,FALSE
AMD A4-3400,,2,,65,FALSE
Intel Pentium G870,77,2,,65,FALSE
Intel Xeon E3-1225,,4,,95,FALSE
Intel Xeon E3-1240,,4,,80,TRUE
Intel Core i3-4160T,,2,,35,TRUE
Intel Xeon E5-1620 V3,,4,3.6,140,TRUE
AMD Pro A10-7800B,,4,3.9,65,FALSE
AMD Phenom II X6 1065T,,6,,95,FALSE
Intel Core i5-6600T,,4,3.5,35,FALSE
Intel Xeon E5-2603 V4,449.95,6,,85,FALSE
Intel Core i3-7300,,2,,51,TRUE
Intel Core i7-7740X,,4,4.5,112,TRUE
Intel Core i5-7640X,225.4,4,4.2,112,FALSE
Intel Xeon E3-1270 V6,719.95,4,4.2,72,TRUE
Intel Core i7-9800X,,8,4.5,165,TRUE
Intel Xeon E5-2665,,8,3.1,115,TRUE
Intel Core i5-9600,,6,4.6,65,FALSE
Intel Xeon E-2146G,,6,4.5,80,TRUE
Intel Pentium E5300,79.4,2,,65,FALSE
Intel Core i5-750S,125,4,,82,FALSE
Intel Xeon E3-1280 V6,562,4,4.2,72,TRUE
Intel Core i3-9320,,4,4.4,62,FALSE
AMD Athlon II X2 235e,,2,,45,FALSE
AMD Athlon II X2 260u,,2,,25,FALSE
Intel Pentium E2140,,2,,65,FALSE
Intel Core 2 Duo E4600,,2,,65,FALSE
Intel Pentium E6500,,2,,65,FALSE
Intel Pentium E6600,,2,,65,FALSE
Intel Core i7-930,,4,,130,TRUE
Intel Core 2 Quad Q9400S,,4,,65,FALSE
AMD Athlon II X3 455,,3,,95,FALSE
Intel Core i5-2405S,,4,,65,FALSE
Intel Pentium G860,,2,,65,FALSE
AMD FX-8100,,8,,95,FALSE
AMD Phenom II X4 975,172.56,4,,125,FALSE
Intel Core i5-2450P,,4,,95,FALSE
AMD FX-4170,,4,,125,FALSE
Intel Pentium G550,,2,,65,FALSE
Intel Celeron G465,,2,,35,FALSE
AMD A10-5700,,4,,65,FALSE
AMD Athlon II X4 651K,,4,,100,FALSE
Intel Xeon E5-1660,,6,3.9,130,TRUE
Intel Core i3-4350,,2,,54,TRUE
AMD A10-7850K,,4,4,95,FALSE
AMD A10-7700K,,4,3.8,95,FALSE
AMD A4-6300,,2,3.9,65,FALSE
AMD A4-3420,,2,,65,FALSE
AMD FX-4200,,4,,125,FALSE
AMD Athlon II X4 651,,4,,100,FALSE
Intel Xeon E3-1230 V3,,4,3.7,80,TRUE
Intel Pentium G3250,,2,,53,FALSE
Intel Pentium G3250T,,2,,35,FALSE
Intel Xeon E5-2620 V3,149.94,6,3.2,85,TRUE
Intel Xeon E5-2630 V3,459,8,3.2,85,TRUE
Intel Xeon E5-2685 V3,,12,3.3,120,TRUE
Intel Xeon E3-1230 V2,289.95,4,,69,TRUE
Intel Core i3-6300,,2,,51,TRUE
Intel Xeon E3-1220 V5,,4,3.5,80,FALSE
Intel Xeon E3-1225 V5,,4,3.7,80,FALSE
AMD A6-7470K,,2,4,65,FALSE
Intel Core i7-6900K,,8,3.7,140,TRUE
Intel Core i3-7320,,2,,51,TRUE
Intel Celeron G3930,182.81,2,,51,FALSE
Intel Pentium G4600T,,2,,35,TRUE
Intel Core i3-7101TE,,2,,35,TRUE
Intel Core i5-7400T,,4,3,35,FALSE
Intel Core i5-7500T,,4,3.3,35,FALSE
Intel Xeon E5-2430V2,,6,3,80,TRUE
Intel Xeon E5-2440V2,,8,2.4,95,TRUE
Intel Xeon E3-1240 V6,498.95,4,4.1,72,TRUE
Intel Xeon E3-1225 V6,535.49,4,3.7,73,FALSE
Intel Xeon E3-1270 V6,,4,4.2,72,TRUE
Intel Pentium Gold G5500T,,2,,35,TRUE
Intel Xeon E-2134,747.53,4,4.5,71,TRUE
Intel Core i3-7100T,110.2,2,,35,TRUE
Intel Pentium G3470,61.57,2,,53,FALSE
Intel Xeon E3-1230 V6,595.49,4,3.9,72,TRUE
AMD Athlon II X2 240,,2,,65,FALSE
AMD Athlon II X2 255,,2,,65,FALSE
AMD Athlon II X2 260,,2,,65,FALSE
AMD Athlon II X3 445,,3,,95,FALSE
AMD Phenom II X2 550,,2,,80,FALSE
AMD Phenom II X4 810,,4,,95,FALSE
AMD Phenom II X4 925,,4,,95,FALSE
AMD Athlon II X3 405e,,3,,45,FALSE
AMD Phenom II X4 965 Black (140W),,4,,140,FALSE
Intel Pentium E2220,,2,,65,FALSE
Intel Core 2 Duo E4400,,2,,65,FALSE
Intel Core 2 Duo E4600,104.04,2,,65,FALSE
Intel Core 2 Duo E6700,,2,,65,FALSE
Intel Core 2 Duo E6850,,2,,65,FALSE
Intel Core 2 Duo E6850,98.95,2,,65,FALSE
Intel Core 2 Duo E8300,119.95,2,,65,FALSE
Intel Core 2 Duo E8400,,2,,65,FALSE
Intel Core i5-750S,,4,,82,FALSE
Intel Core 2 Quad Q8200,,4,,95,FALSE
Intel Core 2 Quad Q8400,,4,,95,FALSE
Intel Core 2 Extreme QX9775,,4,,150,FALSE
Intel Core 2 Extreme X6800,,2,,75,FALSE
AMD Athlon II X4 610e,,4,,45,FALSE
AMD Athlon II X4 630,,4,,95,FALSE
Intel Xeon E3-1270,,4,,80,TRUE
Intel Core i5-3340S,,4,3.3,65,FALSE
Intel Celeron G1830,,2,,53,FALSE
Intel Xeon E5-2609 V2,,4,,80,FALSE
Intel Pentium G3440,,2,,53,FALSE
Intel Pentium G3258,,2,,53,FALSE
AMD A10-6700T,,4,3.5,45,FALSE
AMD A4-6320,,2,4,65,FALSE
AMD Athlon II X4 638,,4,,65,FALSE
Intel Core i3-4360T,,2,,35,TRUE
Intel Core i3-4370,,2,,54,TRUE
Intel Xeon E5-1660 V2,,6,4,130,TRUE
Intel Xeon E5-2637 V2,,4,3.8,130,TRUE
AMD FX-8370,,8,4.3,125,FALSE
AMD Athlon X4 530,,4,,25,FALSE
AMD Pro A8-7600B,,4,3.8,65,FALSE
AMD Pro A10-7850B,152.77,4,4,95,FALSE
Intel Xeon E5-2609 V3,,6,,85,FALSE
Intel Xeon E5-2603 V2,153,4,,80,FALSE
Intel Core i3-6320,,2,,51,TRUE
Intel Core i3-6300T,,2,,35,TRUE
Intel Xeon E3-1230 V5,,4,3.8,80,TRUE
Intel Xeon E3-1240 V5,,4,3.9,80,TRUE
Intel Xeon E3-1275 V5,,4,4,80,TRUE
Intel Xeon E3-1245 V5,399,4,3.9,80,TRUE
AMD Opteron 6320,235.6,8,3.3,115,FALSE
Intel Xeon E5-2658 V3,,12,2.9,105,TRUE
Intel Pentium G4620,,2,,51,TRUE
Intel Core i3-7100T,,2,,35,TRUE
Intel Core i3-7300T,,2,,35,TRUE
Intel Core i7-7820X,,8,4.5,140,TRUE
Intel Xeon E3-1220 V6,398.95,4,3.5,72,FALSE
Intel Core i5-3550S,,4,3.7,65,FALSE
Intel Core i7-870S,,4,,82,TRUE
Intel Celeron G4920,,2,,65,FALSE
Intel Xeon E-2236,446.95,6,4.8,80,TRUE
Intel Xeon E-2274G,,4,4.9,83,TRUE
Intel Celeron G5905T,,2,,35,FALSE
Intel Xeon E-2174G,535.27,4,4.7,71,TRUE
AMD Opteron 6320,249.01,8,3.3,115,FALSE
Intel Xeon E3-1225 V6,395,4,3.7,73,FALSE
AMD Athlon II X2 215,,2,,65,FALSE
AMD Athlon II X3 425,,3,,95,FALSE
AMD Athlon II X3 440,,3,,95,FALSE
AMD Athlon II X4 620,,4,,95,FALSE
AMD Athlon II X4 635,,4,,95,FALSE
AMD Phenom II X4 910,,4,,95,FALSE
AMD Athlon II X4 600e,,4,,45,FALSE
AMD Phenom II X3 705e,,3,,65,FALSE
AMD Phenom II X4 910e,,4,,65,FALSE
Intel Celeron E1500,,2,,65,FALSE
Intel Pentium E2160,,2,,65,FALSE
Intel Core 2 Duo E6400,,2,,65,FALSE
Intel Core 2 Duo E6420,,2,,65,FALSE
Intel Core 2 Duo E6700,189.95,2,,65,FALSE
Intel Core 2 Duo E7600,,2,,65,FALSE
Intel Core 2 Duo E8200,,2,,65,FALSE
Intel Core i7-940,,4,,130,TRUE
Intel Core i7-965 Extreme Edition,,4,,130,TRUE
Intel Core 2 Quad Q8200S,,4,,65,FALSE
Intel Core 2 Quad Q9505,,4,,95,FALSE
Intel Core 2 Extreme QX6700,,4,,100,FALSE
Intel Core 2 Extreme QX6850,,4,,130,FALSE
AMD Phenom II X3 715 Black,,3,,95,FALSE
AMD Phenom II X2 545,,2,,80,FALSE
AMD Phenom II X2 560 Black,,2,,80,FALSE
AMD Phenom II X2 565 Black,,2,,80,FALSE
AMD Phenom II X3 720 Black,,3,,95,FALSE
Intel Pentium G840,,2,,65,FALSE
Intel Pentium G620T,,2,,35,FALSE
Intel Pentium G850,,2,,65,FALSE
AMD FX-6100,,6,,95,FALSE
AMD Phenom II X4 970,,4,,125,FALSE
Intel Celeron G555,,2,,65,FALSE
Intel Xeon E5-2603 V2,,4,,80,FALSE
AMD A6-6420K,,2,4.2,65,FALSE
AMD Sempron X2 198,,2,,65,FALSE
AMD Sempron X2 190,,2,,45,FALSE
AMD A10-6800B,,4,4.4,100,FALSE
AMD A4-3300,,2,,65,FALSE
AMD A4-4020,,2,3.4,65,FALSE
AMD A6-7400K,,2,3.9,65,FALSE
AMD FX-4320,,4,4.2,95,FALSE
AMD FX-6130,,6,3.9,125,FALSE
AMD E2-3200,,2,,65,FALSE
Intel Xeon E5-2630,,6,,95,TRUE
AMD Athlon X4 550,,4,,25,FALSE
AMD Pro A6-7400B,,2,3.9,65,FALSE
AMD Pro A4-7300B,,2,4,65,FALSE
AMD Athlon X2 450,,2,3.9,65,FALSE
AMD Phenom II X4 B99,,4,,95,FALSE
AMD A10-7870K,,4,4.1,95,FALSE
Intel Pentium G4520,,2,,51,FALSE
Intel Pentium G4500,,2,,51,FALSE
Intel Pentium G4500T,,2,,35,FALSE
AMD Opteron 6344,,12,3.2,115,FALSE
AMD Athlon X4 845,,4,3.8,65,FALSE
Intel Celeron G3930T,,2,,35,FALSE
Intel Core i5-7600T,,4,3.7,35,FALSE
Intel Core i5-7640X,,4,4.2,112,FALSE
Intel Xeon E3-1275 V6,,4,4.2,73,TRUE
AMD A6-9550,,2,4,65,FALSE
Intel Xeon E-2144G,,4,4.5,71,TRUE
Intel Xeon E-2136,933,6,4.5,80,TRUE
Intel Xeon E-2126G,843,6,4.5,80,FALSE
Intel Xeon E-2134,,4,4.5,71,TRUE
Intel Xeon E-2124,,4,4.3,71,FALSE
Intel Pentium G3420,,2,,54,FALSE
AMD Athlon II X3 435,,3,,95,FALSE
AMD Phenom II X3 710,,3,,95,FALSE
AMD Phenom II X3 720,,3,,95,FALSE
AMD Phenom II X4 805,,4,,95,FALSE
AMD Athlon II X2 240e,,2,,45,FALSE
AMD Athlon II X2 245e,,2,,45,FALSE
AMD Athlon II X3 400e,,3,,45,FALSE
AMD Athlon II X3 415e,,3,,45,FALSE
AMD Athlon II X4 605e,,4,,45,FALSE
AMD Phenom II X4 905e,,4,,65,FALSE
Intel Celeron E3200,,2,,65,FALSE
Intel Celeron E3300,,2,,65,FALSE
Intel Core 2 Duo E6540,,2,,65,FALSE
Intel Core 2 Duo E7200,,2,,65,FALSE
Intel Core 2 Duo E7300,,2,,65,FALSE
Intel Core 2 Duo E8190,,2,,65,FALSE
Intel Core i7-860S,,4,,82,TRUE
Intel Core 2 Quad Q8400S,,4,,65,FALSE
Intel Core 2 Quad Q9505S,,4,,65,FALSE
Intel Core 2 Extreme QX6800,,4,,100,FALSE
Intel Core 2 Extreme QX9650,,4,,130,FALSE
AMD Athlon II X2 265,,2,,65,FALSE
Intel Pentium E6700,,2,,65,FALSE
AMD Athlon II X4 631,,4,,100,FALSE
Intel Celeron G1630,,2,,55,FALSE
Intel Xeon E5-2640 V2,,8,2.5,95,TRUE
AMD 5350,,4,,25,FALSE
AMD A10-6790B,,4,,100,FALSE
AMD FX-4150,,4,4.1,125,FALSE
AMD FX-8140,,8,4.1,95,FALSE
AMD Athlon II X2 221,,2,,65,FALSE
AMD Athlon X2 350,,2,3.9,65,FALSE
Intel Xeon E5-2603 V3,,6,,85,FALSE
Intel Xeon E5-2622 V3,,8,,85,TRUE
Intel Xeon E5-2609,,4,,80,FALSE
Intel Xeon E5-2620,139.94,6,,95,TRUE
Intel Xeon E-2124G,,4,4.5,71,FALSE
