name,Price,type,interface,capacity,price_per_gb,color
Western Digital My Book Duo,1049.99,Desktop,"USB Type-A 3.2 Gen 1, USB Type-C 3.2 Gen 1",36000,0.029,Black
Western Digital My Book Duo,829.99,Desktop,"USB Type-A 3.2 Gen 1, USB Type-C 3.2 Gen 1",24000,0.035,Black
Western Digital ELEMENTS,54.99,Portable,USB Type-A 3.2 Gen 1,1000,0.055,
Sabrent Rocket XTRM-Q,0,Desktop,USB Type-C 3.2 Gen 2,16000,,
Western Digital WD_BLACK P10,113.44,Portable,USB Type-A 3.2 Gen 1,5000,0.023,Black
Sabrent ROCKET XTRM,0,Portable,Thunderbolt,4000,,Silver
Western Digital ELEMENTS,159.99,Desktop,USB Type-A 3.2 Gen 1,8000,0.02,Black
Samsung T7 Shield,129.99,Portable,USB Type-C 3.2 Gen 2,2000,0.065,Black
Western Digital easystore,239.99,Desktop,USB Type-A 3.2 Gen 1,14000,0.017,Black
Western Digital My Passport,49.97,Portable,USB Type-A 3.2 Gen 1,1000,0.05,Black
Verbatim Vx460,29.99,Portable,USB Type-A 3.2 Gen 1,128,0.234,Black
Western Digital WD_BLACK P10,79.98,Portable,USB Type-A 3.2 Gen 1,2000,0.04,Black
Corsair EX100U,276.24,Portable,USB Type-C 3.2 Gen 2x2,4000,0.069,Black
Seagate One Touch,399.99,Desktop,USB Type-A 3.2 Gen 1,18000,0.022,Black
SanDisk G-DRIVE ArmorLock,379.99,Portable,USB Type-C 3.2 Gen 1,4000,0.095,Black / Yellow
Crucial X10 Pro,152.99,Portable,USB Type-C 3.2 Gen 2x2,2000,0.076,Black
Seagate Backup Plus Portable,105,Portable,USB Type-A 3.2 Gen 1,4000,0.026,Black
Western Digital My Book,299.99,Desktop,USB Type-A 3.2 Gen 1,10000,0.03,Black
Western Digital My Passport,94.99,Portable,USB Type-A 3.2 Gen 1,4000,0.024,Black
SanDisk Extreme Portable V2,229.99,Portable,USB Type-C 3.2 Gen 1,4000,0.057,Black / Orange
Western Digital My Book Duo,569.49,Desktop,"USB Type-A 3.2 Gen 1, USB Type-C 3.2 Gen 1",20000,0.028,Black
Toshiba Canvio Desk,1121.48,Desktop,USB Type-A 3.2 Gen 1,3000,0.374,
Crucial X10 Pro,260.99,Portable,USB Type-C 3.2 Gen 2x2,4000,0.065,Black
Samsung T9 Portable,399.99,Portable,USB Type-C 3.2 Gen 2x2,4000,0.1,Black
Seagate One Touch,159.9,Desktop,USB Type-A 3.2 Gen 1,8000,0.02,Black
Corsair EX100U,136.09,Portable,USB Type-C 3.2 Gen 2x2,2000,0.068,Black
Western Digital My Book Duo,879.99,Desktop,"USB Type-A 3.2 Gen 1, USB Type-C 3.2 Gen 1",28000,0.031,Black
Samsung T7 Portable,131.72,Portable,USB Type-C 3.2 Gen 1,2000,0.066,Black / Silver
Crucial X6,54.99,Portable,USB Type-C 3.2 Gen 2,1000,0.055,Black
Samsung T5,312,Portable,USB Type-C 3.2 Gen 1,1000,0.312,
Crucial X6,179.99,Portable,USB Type-C 3.2 Gen 2,4000,0.045,Black
Western Digital ELEMENTS,181.49,Desktop,USB Type-A 3.2 Gen 1,12000,0.015,
Western Digital My Passport,129.99,Portable,USB Type-A 3.2 Gen 1,5000,0.026,Black
Western Digital WD_BLACK D10,186.99,Desktop,USB Type-A 3.2 Gen 2,8000,0.023,Black
Samsung T9 Portable,199.99,Portable,USB Type-C 3.2 Gen 2x2,2000,0.1,Black
Crucial X8,99.99,Portable,"USB Type-A 3.2 Gen 1, USB Type-C 3.2 Gen 2",2000,0.05,Black
Western Digital easystore,329.99,Desktop,"USB Type-A 2.0, USB Type-A 3.2 Gen 1",18000,0.018,Black
Western Digital ELEMENTS,259.99,Desktop,USB Type-A 3.2 Gen 2,14000,0.019,Black
Samsung T7 Portable,59.99,Portable,USB Type-C 3.2 Gen 1,500,0.12,Red / Silver
Crucial X6,39.99,Portable,USB Type-C 3.2 Gen 2,500,0.08,Black
Western Digital WD_BLACK P10,88.99,Portable,USB Type-A 3.2 Gen 1,4000,0.022,Black
Samsung T7 Portable,89.99,Portable,USB Type-C 3.2 Gen 1,1000,0.09,Black / Silver
Seagate One Touch,65.98,Portable,USB Type-A 3.2 Gen 1,2000,0.033,Black
Seagate Backup Plus,0,Portable,USB Type-A 3.2 Gen 1,2000,,
Crucial X8,59.99,Portable,"USB Type-A 3.2 Gen 1, USB Type-C 3.2 Gen 2",1000,0.06,Black
Western Digital ?WDBU6Y0050BBK-WESN,119.99,Portable,USB Type-A 3.2 Gen 1,5000,0.024,Black
Western Digital My Book,119.99,Desktop,USB Type-A 3.2 Gen 1,4000,0.03,Black
Samsung T7 Portable,160.99,Portable,USB Type-C 3.2 Gen 2,2000,0.08,Black
Sabrent Rocket Nano V2,349.99,Portable,USB Type-C 3.2 Gen 2x2,4000,0.087,Black
Western Digital My Book,279.99,Desktop,USB Type-A 3.2 Gen 2,14000,0.02,Black
Seagate Expansion,0,Desktop,USB Type-A 3.2 Gen 1,4000,,
Western Digital ELEMENTS,204.99,Desktop,USB Type-A 3.2 Gen 1,10000,0.02,Black
ADATA DashDrive Durable HD650,57.06,Portable,USB Type-A 3.2 Gen 1,1000,0.057,
Seagate Backup Plus Slim,56,Portable,USB Type-A 3.2 Gen 1,1000,0.056,Black
Toshiba Canvio Basics,98.88,Portable,USB Type-A 3.2 Gen 1,1000,0.099,
Crucial X6,89.99,Portable,USB Type-C 3.2 Gen 2,2000,0.045,Black
Western Digital My Passport,68.98,Portable,USB Type-A 3.2 Gen 1,2000,0.034,Black
Seagate One Touch,111.12,Portable,USB Type-A 3.2 Gen 1,5000,0.022,Black
Western Digital My Book Duo,484.99,Desktop,"USB Type-A 3.2 Gen 1, USB Type-C 3.2 Gen 1",16000,0.03,Black
Western Digital My Book,179.99,Desktop,USB Type-A 3.2 Gen 1,8000,0.022,Black
SanDisk Extreme Portable V2,84.99,Portable,USB Type-C 3.2 Gen 1,1000,0.085,Black / Orange
SanDisk Extreme Portable V2,119.99,Portable,USB Type-C 3.2 Gen 1,2000,0.06,Black / Orange
Seagate One Touch,104.49,Portable,USB Type-A 3.2 Gen 1,4000,0.026,Black
Western Digital Elements Portable,109.99,Portable,USB Type-A 3.2 Gen 1,4000,0.027,Black
Seagate Expansion,399.99,Desktop,USB Type-A 3.2 Gen 1,16000,0.025,Black
Samsung T7 Shield,79.98,Portable,USB Type-C 3.2 Gen 2,1000,0.08,Black
Buslink DL-4TSDU31G2,599.88,Portable,USB Type-A 3.2 Gen 2,4000,0.15,Black
Western Digital ELEMENTS,0,Portable,USB Type-A 3.2 Gen 1,2000,,
Crucial X9 Pro,215.99,Portable,USB Type-C 3.2 Gen 2,4000,0.054,Silver
Kingston XS1000,65.98,Portable,USB Type-C 3.2 Gen 2,1000,0.066,Black
Western Digital WD_BLACK D10,289.99,Desktop,USB Type-A 3.2 Gen 2,12000,0.024,Black
Kingston XS2000,79.98,Portable,USB Type-C 3.2 Gen 2x2,1000,0.08,Silver
Western Digital My Passport Ultra Portable,139.99,Portable,USB Type-A 3.2 Gen 1,2000,0.07,
Seagate Expansion,215.99,Desktop,USB Type-A 3.2 Gen 1,8000,0.027,
Apricom Aegis Padlock DT,0,Portable,USB Type-A 3.2 Gen 1,14000,,Black
Seagate Backup Plus Hub,249.99,Desktop,USB Type-A 3.2 Gen 2,8000,0.031,
Seagate Backup Plus Portable,119,Portable,USB Type-A 3.2 Gen 1,5000,0.024,Black
Toshiba Canvio Basics 3.0,101,Portable,,2000,0.05,
Apricom ASSD-3PL256-480F,289.95,Desktop,USB Type-A 2.0,480,0.604,
Asus FX HDD,0,Portable,USB Type-A 3.2 Gen 2,2000,,Black
Western Digital My Book,237.99,Desktop,USB Type-A 3.2 Gen 2,12000,0.02,Black
Seagate One Touch,329.99,Desktop,USB Type-A 3.2 Gen 1,16000,0.021,Black
Samsung T5,399.99,Portable,USB Type-C 3.2 Gen 1,2000,0.2,Black
Corsair EX100U,69.99,Portable,USB Type-C 3.2 Gen 2x2,1000,0.07,Black
Western Digital My Book,149.99,Desktop,USB Type-A 3.2 Gen 1,6000,0.025,Black
Verbatim Vx460,38.99,Portable,USB Type-A 3.2 Gen 1,256,0.152,Black
LaCie 5big,0,Desktop,Thunderbolt,25000,,
Western Digital My Passport,129.99,Portable,USB Type-A 3.2 Gen 1,4000,0.032,White
Kingston XS2000,171.08,Portable,USB Type-C 3.2 Gen 2x2,2000,0.086,Silver
Kingston XS2000,42.99,Portable,USB Type-C 3.2 Gen 2x2,500,0.086,Silver
Western Digital easystore,249,Desktop,USB Type-A 3.2 Gen 1,12000,0.021,
Seagate One Touch,329.62,Desktop,USB Type-A 3.2 Gen 1,14000,0.024,Black
Buffalo Technology DriveStation Axis Velocity,74.99,Desktop,USB Type-A 3.2 Gen 1,2000,0.037,
Western Digital ELEMENTS,124.99,Desktop,USB Type-A 3.2 Gen 1,4000,0.031,
Samsung T5,229.99,Portable,USB Type-C 3.2 Gen 1,500,0.46,
Seagate Expansion,148.55,Desktop,USB Type-A 3.2 Gen 1,3000,0.05,
Samsung T7 Shield,129.99,Portable,USB Type-C 3.2 Gen 2,2000,0.065,Blue
Western Digital easystore,279.99,Desktop,"USB Type-A 2.0, USB Type-A 3.2 Gen 1",16000,0.017,Black
Sabrent Rocket Nano V2,159.99,Portable,USB Type-C 3.2 Gen 2x2,2000,0.08,Black
Samsung T7 Shield,79.98,Portable,USB Type-C 3.2 Gen 2,1000,0.08,Blue
Kingston XS2000,295.32,Portable,USB Type-C 3.2 Gen 2x2,4000,0.074,Silver
Samsung T7 Portable,89.55,Portable,USB Type-C 3.2 Gen 1,1000,0.09,Red / Silver
Samsung T7 Portable,139.99,Portable,USB Type-C 3.2 Gen 1,2000,0.07,Blue / Silver
Samsung T7 Portable,81.61,Portable,USB Type-C 3.2 Gen 1,500,0.163,Black / Silver
Seagate Expansion,129.99,Portable,USB Type-A 3.2 Gen 1,5000,0.026,Black
Toshiba Canvio Desk,0,Desktop,USB Type-A 3.2 Gen 1,4000,,
Western Digital easystore,0,Desktop,USB Type-A 3.2 Gen 2,10000,,Black
Seagate Expansion,294.92,Desktop,USB Type-A 3.2 Gen 1,10000,0.029,Black
Toshiba Canvio Connect,0,Portable,USB Type-A 3.2 Gen 1,500,,
Freecom Mobile Drive Classic 3.0,0,Portable,USB Type-A 3.2 Gen 1,1000,,Black
Samsung T7 Shield,129.99,Portable,USB Type-C 3.2 Gen 2,2000,0.065,Beige
SanDisk Extreme 900,99.99,Portable,USB Type-A 3.2 Gen 2,960,0.104,
Samsung T9 Portable,139.99,Portable,USB Type-C 3.2 Gen 2x2,1000,0.14,Black
Western Digital My Book Duo,998,Desktop,"USB Type-A 3.2 Gen 1, USB Type-C 3.2 Gen 1",8000,0.125,Black
Transcend StoreJet,85.59,Portable,USB Type-A 3.2 Gen 1,2000,0.043,
Seagate One Touch,88.5,Portable,USB Type-A 3.2 Gen 1,1000,0.088,Silver
Buffalo Technology DriveStation Combo 4,370.69,Desktop,"IEEE 1394A 6-Pin, IEEE 1394B 9-Pin, eSATA 3.0 Gb/s, USB Type",2000,0.185,
Western Digital My Book,177.98,Desktop,USB Type-A 3.2 Gen 1,4000,0.044,
Seagate Backup Plus Hub,244.19,Desktop,USB Type-A 3.2 Gen 1,10000,0.024,Black
Western Digital ELEMENTS,0,Portable,USB Type-A 3.2 Gen 1,1000,,
Apricom Aegis Padlock,483,Portable,USB Type-A 3.2 Gen 1,128,3.773,
SanDisk Extreme 900,0,Portable,USB Type-A 3.2 Gen 2,1920,,
Western Digital My Passport,135.99,Portable,USB Type-A 3.2 Gen 1,4000,0.034,Black
Western Digital easystore,180.99,Desktop,USB Type-A 3.2 Gen 1,8000,0.023,
Western Digital ELEMENTS,124.99,Desktop,USB Type-A 3.2 Gen 1,6000,0.021,Black
Silicon Power Bolt B75 Pro,53.97,Portable,USB Type-C 3.2 Gen 2,1000,0.054,Black
Samsung T7 Portable,159.99,Portable,USB Type-C 3.2 Gen 2,1000,0.16,Black
Seagate One Touch,279.99,Desktop,USB Type-A 3.2 Gen 1,10000,0.028,Black
SanDisk Extreme Portable V2,69.99,Portable,USB Type-C 3.2 Gen 1,500,0.14,Black / Orange
Crucial X10 Pro,107.99,Portable,USB Type-C 3.2 Gen 2x2,1000,0.108,Black
Sabrent Rocket Nano V2,89.99,Portable,USB Type-C 3.2 Gen 2x2,1000,0.09,Black
Seagate Expansion,184.99,Portable,USB Type-C 3.2 Gen 1,1000,0.185,Black
Seagate One Touch,309.99,Desktop,USB Type-A 3.2 Gen 1,12000,0.026,Black
Western Digital WD_BLACK P50,196.99,Portable,USB Type-C 3.2 Gen 1,1000,0.197,Black / Silver
Seagate Game Drive Xbox GamePass Edition,199.91,Portable,USB Type-A 3.2 Gen 1,4000,0.05,White
Western Digital My Book,179,Desktop,USB Type-A 3.2 Gen 1,2000,0.089,
Seagate Backup Plus,219.99,Desktop,USB Type-A 3.2 Gen 1,8000,0.027,
Seagate Expansion,0,Desktop,USB Type-A 3.2 Gen 1,2000,,
Seagate Expansion,0,Portable,USB Type-A 3.2 Gen 1,1000,,
Western Digital G-DRIVE ev RaW,0,Portable,"USB Type-A 2.0, USB Type-A 3.2 Gen 1",2000,,Silver
Western Digital My Passport,79.98,Portable,USB Type-A 3.2 Gen 1,2000,0.04,Red
Seagate One Touch,119,Portable,USB Type-A 3.2 Gen 1,2000,0.06,Silver
Seagate Barracuda Fast,0,Portable,USB Type-C,2000,,Black
Seagate Expansion,0,Portable,USB Type-C 3.2 Gen 1,2000,,Black
Kingston XS1000,0,Portable,USB Type-C 3.2 Gen 2,2000,,Black
Western Digital My Passport,119.99,Portable,USB Type-A 3.2 Gen 1,5000,0.024,Red
Western Digital My Passport,75.31,Portable,USB Type-A 3.2 Gen 1,2000,0.038,Blue
Western Digital easystore,159.99,Desktop,"USB Type-A 2.0, USB Type-A 3.2 Gen 1",8000,0.02,Black
Seagate One Touch,159.99,Desktop,USB Type-A 3.2 Gen 1,6000,0.027,Black
Crucial X9 Pro,109.99,Portable,USB Type-C 3.2 Gen 2,2000,0.055,Silver
ADATA DashDrive Durable HD650,53.95,Portable,USB Type-A 3.2 Gen 1,1000,0.054,
Samsung T7 Portable,79,Portable,USB Type-C 3.2 Gen 1,1000,0.079,Blue / Silver
Silicon Power PC60,118.75,Portable,USB Type-C 3.2 Gen 2,2000,0.059,Black
Apricom Aegis Padlock Fortress,239.99,Portable,USB Type-A 3.2 Gen 1,2000,0.12,Black
Seagate Barracuda Fast,249.99,Portable,USB Type-C,1000,0.25,Black
Buffalo Technology DriveStation Axis Velocity,0,Desktop,USB Type-A 3.2 Gen 1,1000,,
Buffalo Technology DriveStation,0,Desktop,Thunderbolt,512,,
LaCie Minimus,0,Desktop,USB Type-A 3.2 Gen 1,2000,,
Western Digital ELEMENTS,243.79,Desktop,USB Type-A 3.2 Gen 1,5000,0.049,
Western Digital My Book Duo,0,Desktop,"USB Type-A 3.2 Gen 1, USB Type-C 3.2 Gen 1",4000,,Black
Seagate Backup Plus Slim,0,Portable,USB Type-A 3.2 Gen 1,2000,,
Toshiba Canvio Basics 3.0,0,Portable,USB Type-A 3.2 Gen 1,2000,,
Toshiba Canvio Connect,0,Portable,USB Type-A 3.2 Gen 1,1000,,
Seagate Backup Plus Portable,0,Portable,USB Type-A 3.2 Gen 1,5000,,Black
Asus FX HDD,0,Portable,USB Type-A 3.2 Gen 2,1000,,Black
Seagate Backup Plus Ultra Touch,99,Portable,USB Type-A 3.2 Gen 1,2000,0.05,White
Samsung T7 Portable,84.99,Portable,USB Type-C 3.2 Gen 1,500,0.17,Blue / Silver
Western Digital My Passport,67.99,Portable,USB Type-A 3.2 Gen 1,1000,0.068,White
Western Digital My Passport,0,Portable,USB Type-A 3.2 Gen 1,5000,,White
Samsung T7 Portable,389.99,Portable,USB Type-C 3.2 Gen 2,2000,0.195,Silver
Samsung T7 Portable,155.99,Portable,USB Type-C 3.2 Gen 2,500,0.312,Black
Seagate One Touch,125.48,Portable,"USB Type-A 3.2 Gen 2, USB Type-C 3.2 Gen 2",2000,0.063,Black
Seagate One Touch,85,Portable,"USB Type-A 3.2 Gen 2, USB Type-C 3.2 Gen 2",500,0.17,Blue
Seagate One Touch,169.5,Portable,USB Type-A 3.2 Gen 1,5000,0.034,Silver
Seagate Barracuda Fast,0,Portable,USB Type-C,500,,Black
Toshiba Canvio Connect II,89.99,Portable,USB Type-A 3.2 Gen 1,1000,0.09,Black
Crucial X9 Pro,69.98,Portable,USB Type-C 3.2 Gen 2,1000,0.07,Silver
Seagate One Touch,135,Portable,USB Type-A 3.2 Gen 1,4000,0.034,Silver
Seagate Backup Plus Portable,0,Portable,USB Type-A 3.2 Gen 1,5000,,Blue / White
Seagate One Touch,224.5,Portable,USB Type-A 3.2 Gen 1,4000,0.056,Red
LaCie Rugged Mini,79.99,Portable,USB Type-A 3.2 Gen 1,1000,0.08,
Western Digital My Passport,162.91,Portable,USB Type-A 3.2 Gen 1,5000,0.033,Blue
Seagate One Touch,62.99,Portable,USB Type-A 3.2 Gen 1,1000,0.063,Black
Seagate Backup Plus Slim,149.99,Portable,USB Type-A 3.2 Gen 1,2000,0.075,
Transcend StoreJet,64.98,Portable,USB Type-A 3.2 Gen 1,1000,0.065,
Samsung T7 Portable,104.95,Portable,USB Type-C 3.2 Gen 2,500,0.21,Silver
Seagate One Touch,109,Portable,"USB Type-A 3.2 Gen 2, USB Type-C 3.2 Gen 2",1000,0.109,Silver
Seagate One Touch,83.98,Portable,"USB Type-A 3.2 Gen 2, USB Type-C 3.2 Gen 2",1000,0.084,Black
Seagate One Touch,106.1,Portable,USB Type-A 3.2 Gen 1,2000,0.053,Blue
Western Digital My Passport For Mac,129.99,Portable,"USB Type-A 3.2 Gen 1, USB Type-C 3.2 Gen 1",1000,0.13,Black
KIOXIA EXCERIA PLUS,0,Portable,USB Type-C 3.2 Gen 2,1000,,Gray
Buffalo Technology DriveStation Axis Velocity,136.46,Desktop,USB Type-A 3.2 Gen 1,3000,0.045,
Buffalo Technology DriveStation Duo,0,Desktop,USB Type-A 3.2 Gen 1,6000,,
Buffalo Technology DriveStation Duo,0,Desktop,USB Type-A 3.2 Gen 1,8000,,
LaCie d2 Quadra,0,Desktop,"IEEE 1394B 9-Pin, eSATA 3.0 Gb/s, USB Type-A 3.2 Gen 1",3000,,
Western Digital My Book Essential,199.99,Desktop,USB Type-A 3.2 Gen 1,1000,0.2,
Western Digital My Book,199,Desktop,USB Type-A 3.2 Gen 1,3000,0.066,
Western Digital ELEMENTS,0,Desktop,USB Type-A 3.2 Gen 1,3000,,
LaCie 4big Quadra,0,Desktop,"IEEE 1394B 9-Pin, USB Type-A 3.2 Gen 1",16000,,
LaCie d2,0,Desktop,"Thunderbolt, USB Type-A 3.2 Gen 1",4000,,
Seagate FreeAgent GoFlex Desk,0,Desktop,USB Type-A 2.0,1000,,
Seagate Backup Plus,228.09,Desktop,USB Type-A 3.2 Gen 1,3000,0.076,
Seagate Backup Plus,199,Desktop,USB Type-A 3.2 Gen 1,4000,0.05,
Seagate Backup Plus,0,Desktop,USB Type-A 3.2 Gen 1,6000,,
Hitachi HGST Touro Desk Pro,0,Desktop,USB Type-A 3.2 Gen 1,4000,,
Buslink CRF-2T-U2,0,Desktop,USB Type-A 2.0,2000,,
Toshiba Canvio Desk,0,Desktop,USB Type-A 3.2 Gen 1,2000,,
Western Digital My Book,187.98,Desktop,USB Type-A 3.2 Gen 1,6000,0.031,
Apricom ASSD-3PL256-120F,0,Desktop,USB Type-A 2.0,120,,
Apricom ASSD-3PL256-240F,186.03,Desktop,USB Type-A 2.0,240,0.775,
Western Digital My Book Duo,0,Desktop,"USB Type-A 3.2 Gen 1, USB Type-C 3.2 Gen 1",6000,,Black
Western Digital My Book Duo,0,Desktop,"USB Type-A 3.2 Gen 1, USB Type-C 3.2 Gen 1",12000,,Black
Western Digital easystore,0,Desktop,USB Type-A 3.2 Gen 1,14000,,
Western Digital easystore,234.99,Desktop,"USB Type-A 2.0, USB Type-A 3.2 Gen 1",12000,0.02,Black
Seagate Backup Plus Hub,0,Desktop,USB Type-A 3.2 Gen 1,14000,,Black
LaCie Porsche Design,0,Portable,USB Type-A 3.2 Gen 1,1000,,
Western Digital My Passport Air,0,Portable,USB Type-A 3.2 Gen 1,500,,
Western Digital My Passport Slim,159.99,Portable,USB Type-A 3.2 Gen 1,1000,0.16,
Western Digital My Passport Studio,0,Portable,"IEEE 1394B 9-Pin, USB Type-A 2.0",2000,,
Western Digital ELEMENTS,0,Portable,USB Type-A 3.2 Gen 1,500,,
Western Digital My Passport Air,0,Portable,USB Type-A 3.2 Gen 1,1000,,
LaCie Rugged,0,Portable,"Thunderbolt, USB Type-A 3.2 Gen 1",120,,
LaCie Rugged,0,Portable,"Thunderbolt, USB Type-A 3.2 Gen 1",1000,,
LaCie Rugged,0,Portable,"Thunderbolt, USB Type-A 3.2 Gen 1",2000,,
Samsung P3,0,Portable,USB Type-A 3.2 Gen 1,1000,,
Seagate GoFlex for Mac,0,Portable,Thunderbolt,1000,,
Seagate Backup Plus,0,Portable,USB Type-A 3.2 Gen 1,1000,,
Hitachi HGST Touro Mobile,0,Portable,USB Type-A 3.2 Gen 1,500,,
Apricom Aegis Padlock Fortress,217.67,Portable,USB Type-A 3.2 Gen 1,1000,0.218,
Apricom Aegis Padlock,0,Portable,"eSATA 3.0 Gb/s, USB Type-A 2.0",1000,,
Lenovo ThinkPad,226.99,Portable,USB Type-A 3.2 Gen 1,1000,0.227,
Seagate Backup Plus,0,Portable,USB Type-A 3.2 Gen 1,4000,,
Seagate STDR5000100,0,Portable,,5000,,
ADATA SD600,0,Portable,USB Type-A 3.2 Gen 1,512,,
Samsung T5,209.99,Portable,USB Type-C 3.2 Gen 1,250,0.84,Blue
Seagate Backup Plus Portable,0,Portable,USB Type-A 3.2 Gen 1,5000,,Silver
Seagate Backup Plus Ultra Touch,99.99,Portable,USB Type-A 3.2 Gen 1,1000,0.1,Black
Western Digital My Passport,63.39,Portable,USB Type-A 3.2 Gen 1,1000,0.063,Red
Western Digital My Passport,79.99,Portable,USB Type-A 3.2 Gen 1,2000,0.04,White
Western Digital My Passport,104.99,Portable,USB Type-A 3.2 Gen 1,4000,0.026,Blue
Apacer AS722,0,Portable,USB Type-C 3.2 Gen 1,1000,,Black
SanDisk G-DRIVE ArmorLock,133.28,Portable,USB Type-C 3.2 Gen 1,1000,0.133,Black / Yellow
Samsung T3 Portable,0,Portable,USB Type-C 3.2 Gen 1,1000,,
Seagate One Touch,59.99,Portable,"USB Type-A 3.2 Gen 2, USB Type-C 3.2 Gen 2",500,0.12,Black
Seagate One Touch,135.63,Portable,USB Type-A 3.2 Gen 1,5000,0.027,Red
Seagate One Touch,0,Portable,USB Type-A 3.2 Gen 1,5000,,Gray
Verbatim Vx460,46.27,Portable,USB Type-A 3.2 Gen 1,512,0.09,Black
LaCie Rugged Mini,99.99,Portable,USB Type-A 3.2 Gen 1,2000,0.05,Orange / Silver
Seagate Expansion,0,Portable,USB Type-C 3.2 Gen 1,500,,Black
Silicon Power Bolt B75 Pro,0,Portable,USB Type-C 3.2 Gen 2,512,,Black
Silicon Power Bolt B75,59.7,Portable,USB Type-C 3.2 Gen 1,480,0.124,Silver
Silicon Power Bolt B75,0,Portable,USB Type-C 3.2 Gen 1,256,,Silver
Silicon Power Stream S05,0,Portable,USB Type-A 3.2 Gen 1,5000,,Black
Silicon Power Bolt B75 Pro,0,Portable,USB Type-C 3.2 Gen 2,2000,,Black
Seagate One Touch,124.99,Desktop,USB Type-A 3.2 Gen 1,4000,0.031,Black
Western Digital WDBGPU0010BBK-NESN,59.99,Portable,,1000,0.06,
Samsung T7 Portable,139.85,Portable,USB Type-C 3.2 Gen 1,2000,0.07,Red / Silver
Samsung T7 Shield,79.99,Portable,USB Type-C 3.2 Gen 2,1000,0.08,Beige
Seagate One Touch,101.49,Portable,USB Type-A 3.2 Gen 1,2000,0.051,Gray
Silicon Power PC60,70.89,Portable,USB Type-C 3.2 Gen 2,1000,0.071,Black
Silicon Power PC60,0,Portable,USB Type-C 3.2 Gen 2,512,,Black
Seagate Backup Plus,159.99,Desktop,USB Type-A 3.2 Gen 1,2000,0.08,
Transcend StoreJet 35T3,0,Desktop,USB Type-A 3.2 Gen 1,3000,,
Transcend StoreJet,0,Portable,USB Type-A 3.2 Gen 1,1000,,
Western Digital My Passport,67.98,Portable,USB Type-A 3.2 Gen 1,1000,0.068,Blue
Crucial X8,0,Portable,"USB Type-A 3.2 Gen 1, USB Type-C 3.2 Gen 2",500,,Black
Buffalo Technology DriveStation Axis,0,Desktop,USB Type-A 3.2 Gen 1,1000,,
Buffalo Technology DriveStation,0,Desktop,USB Type-A 3.2 Gen 1,2000,,
Buffalo Technology DriveStation,0,Desktop,"IEEE 1394A 6-Pin, IEEE 1394B 9-Pin, eSATA 3.0 Gb/s, USB Type",1000,,
Buffalo Technology DriveStation,0,Desktop,USB Type-A 3.2 Gen 1,3000,,
Buffalo Technology DriveStation,0,Desktop,USB Type-A 3.2 Gen 1,4000,,
Buffalo Technology DriveStation Duo,0,Desktop,USB Type-A 3.2 Gen 1,2000,,
Buffalo Technology DriveStation Duo,0,Desktop,USB Type-A 3.2 Gen 1,4000,,
Buffalo Technology DriveStation,0,Desktop,Thunderbolt,1000,,
Buffalo Technology DriveStation,0,Desktop,Thunderbolt,256,,
LaCie d2 Quadra,0,Desktop,"IEEE 1394B 9-Pin, eSATA 3.0 Gb/s, USB Type-A 3.2 Gen 1",2000,,
LaCie Blade Runner,0,Desktop,USB Type-A 3.2 Gen 1,4000,,
Western Digital My Book Studio,0,Desktop,"IEEE 1394B 9-Pin, USB Type-A 2.0",2000,,
Western Digital My Book Studio,0,Desktop,"IEEE 1394B 9-Pin, USB Type-A 2.0",3000,,
Western Digital My Book,0,Desktop,USB Type-A 3.2 Gen 1,3000,,
Western Digital My Book Studio,0,Desktop,USB Type-A 3.2 Gen 1,4000,,
Western Digital My Book Thunderbolt Duo,0,Desktop,Thunderbolt,4000,,
Western Digital ELEMENTS,0,Desktop,USB Type-A 3.2 Gen 1,2000,,
Western Digital My Book for Mac,0,Desktop,USB Type-A 3.2 Gen 1,2000,,
Western Digital My Book for Mac,229.99,Desktop,USB Type-A 3.2 Gen 1,3000,0.077,
LaCie 2big Quadra,0,Desktop,"IEEE 1394B 9-Pin, USB Type-A 3.2 Gen 1",4000,,
LaCie Little Big Disk,0,Desktop,Thunderbolt,1000,,
LaCie 4big Quadra,0,Desktop,"IEEE 1394B 9-Pin, USB Type-A 3.2 Gen 1",12000,,
LaCie d2,0,Desktop,"Thunderbolt, USB Type-A 3.2 Gen 1",3000,,
LaCie 2big Quadra,0,Desktop,"IEEE 1394B 9-Pin, USB Type-A 3.2 Gen 1",6000,,
LaCie Porsche Design,0,Desktop,USB Type-A 3.2 Gen 1,4000,,
LaCie d2,0,Desktop,"Thunderbolt, USB Type-A 3.2 Gen 1",5000,,
LaCie d2,0,Desktop,"Thunderbolt, USB Type-A 3.2 Gen 1",6000,,
LaCie Minimus,0,Desktop,USB Type-A 3.2 Gen 1,3000,,
LaCie 4big Quadra,0,Desktop,"IEEE 1394B 9-Pin, USB Type-A 3.2 Gen 1",8000,,
LaCie 2big,0,Desktop,Thunderbolt,10000,,
LaCie d2 Quadra,0,Desktop,"IEEE 1394B 9-Pin, eSATA 3.0 Gb/s, USB Type-A 3.2 Gen 1",5000,,
Samsung D3 Station,0,Desktop,USB Type-A 3.2 Gen 1,2000,,
Samsung D3 Station,0,Desktop,USB Type-A 3.2 Gen 1,3000,,
Samsung D3 Station,0,Desktop,,4000,,
Samsung D3 Station,0,Desktop,USB Type-A 3.2 Gen 1,4000,,
Samsung D3 Station,0,Desktop,USB Type-A 3.2 Gen 1,5000,,
Samsung D3 Station,0,Desktop,USB Type-A 3.2 Gen 1,6000,,
Seagate Expansion,127.49,Desktop,USB Type-A 3.2 Gen 1,5000,0.025,
Seagate Backup Plus,218.99,Desktop,USB Type-A 3.2 Gen 1,5000,0.044,
Seagate Backup Plus,0,Desktop,USB Type-A 3.2 Gen 1,3000,,
Hitachi HGST Touro Desk,0,Desktop,USB Type-A 3.2 Gen 1,4000,,
Apricom Aegis Padlock DT,0,Desktop,USB Type-A 3.2 Gen 1,2000,,
Apricom Aegis Padlock DT,0,Desktop,USB Type-A 3.2 Gen 1,1000,,
Apricom Aegis Padlock DT,175.99,Desktop,USB Type-A 3.2 Gen 1,2000,0.088,
Axiom USB3HD35S1TB-AX,0,Desktop,USB Type-A 3.2 Gen 1,1000,,
Axiom USB3HD35S250-AX,0,Desktop,,250,,
Axiom USB3HD35S2TB-AX,0,Desktop,USB Type-A 3.2 Gen 1,2000,,
Axiom USB3HD35S3TB-AX,0,Desktop,USB Type-A 3.2 Gen 1,3000,,
Axiom USB3HD35S500-AX,0,Desktop,,500,,
Buslink CSC-1T-U2,0,Desktop,USB Type-A 2.0,1000,,
Buslink CSC-2T-U3,0,Desktop,USB Type-A 3.2 Gen 1,2000,,
Imation Apollo Pro UX,0,Desktop,USB Type-A 2.0,1000,,
Transcend StoreJet 35T3,0,Desktop,USB Type-A 3.2 Gen 1,2000,,
Toshiba Canvio Desk,0,Desktop,USB Type-A 3.2 Gen 1,5000,,
LaCie Porsche Design,0,Desktop,USB Type-A 3.2 Gen 1,8000,,
Seagate Expansion,299.99,Desktop,USB Type-A 3.2 Gen 1,5000,0.06,
Buslink CipherShield,0,Desktop,USB Type-A 3.2 Gen 1,6000,,
Edge Tech EDGDG-236236-PE,0,Desktop,USB Type-A 3.2 Gen 1,4000,,
G-Technology G-DRIVE,0,Desktop,"IEEE 1394B 9-Pin, eSATA 6.0 Gb/s, USB Type-A 3.2 Gen 1",2000,,
G-Technology G-DRIVE,0,Desktop,"IEEE 1394B 9-Pin, eSATA 6.0 Gb/s, USB Type-A 3.2 Gen 1",3000,,
G-Technology G-DRIVE,0,Desktop,"IEEE 1394B 9-Pin, eSATA 6.0 Gb/s, USB Type-A 3.2 Gen 1",4000,,
Western Digital My Book,147.88,Desktop,USB Type-A 3.2 Gen 1,3000,0.049,Black
Western Digital easystore,0,Desktop,USB Type-A 3.2 Gen 1,4000,,Black
Verbatim 99399,184.8,Desktop,USB Type-A 3.2 Gen 1,4000,0.046,Black
Seagate STEB6000403,0,Desktop,USB Type-A 3.2 Gen 1,6000,,Black
Seagate Expansion,0,Desktop,USB Type-A 3.2 Gen 1,14000,,Black
LaCie Porsche Design,0,Desktop,USB Type-A 3.2 Gen 1,1000,,Silver
LaCie Porsche Design,0,Desktop,USB Type-A 3.2 Gen 1,2000,,Silver
Seagate Backup Plus,0,Desktop,USB Type-A 3.2 Gen 1,4000,,Black
ADATA DashDrive,0,Portable,USB Type-A 3.2 Gen 1,1000,,
Buffalo Technology MiniStation,0,Portable,USB Type-A 3.2 Gen 1,1000,,
Buffalo Technology MiniStation,0,Portable,USB Type-A 3.2 Gen 1,2000,,
Buffalo Technology MiniStation,0,Portable,USB Type-A 3.2 Gen 1,500,,
Buffalo Technology MiniStation Extreme,0,Portable,USB Type-A 3.2 Gen 1,1000,,
Buffalo Technology MiniStation Extreme,0,Portable,USB Type-A 3.2 Gen 1,500,,
LaCie Rugged Mini,0,Portable,USB Type-A 3.2 Gen 1,500,,
LaCie Rikiki,0,Portable,USB Type-A 3.2 Gen 1,500,,
LaCie Rugged,0,Portable,"IEEE 1394B 9-Pin, USB Type-A 3.2 Gen 1",500,,
LaCie Rugged,0,Portable,"IEEE 1394B 9-Pin, USB Type-A 3.2 Gen 1",1000,,
LaCie Porsche Design,0,Portable,USB Type-A 3.2 Gen 1,500,,
Western Digital My Passport Studio,0,Portable,"IEEE 1394B 9-Pin, USB Type-A 2.0",1000,,
Western Digital ELEMENTS,0,Portable,USB Type-A 3.2 Gen 1,1500,,
Western Digital My Passport,219.99,Portable,USB Type-A 3.2 Gen 1,2000,0.11,
LaCie Rugged Mini,0,Portable,USB Type-A 3.2 Gen 1,1500,,
LaCie Little Big Disk,0,Portable,Thunderbolt,512,,
LaCie Porsche Design,0,Portable,USB Type-A 3.2 Gen 1,120,,
LaCie Rugged,0,Portable,"Thunderbolt, USB Type-A 3.2 Gen 1",256,,
LaCie Porsche Design,0,Portable,,250,,
Verbatim Store 'n' Go,0,Portable,USB Type-A 3.2 Gen 1,128,,
Verbatim Store 'n' Go,0,Portable,USB Type-A 3.2 Gen 1,256,,
Verbatim Titan XS,90.67,Portable,,1000,0.091,
Verbatim Freecom,0,Portable,USB Type-A 3.2 Gen 1,1000,,
Verbatim 97805,0,Portable,USB Type-A 3.2 Gen 1,500,,
Verbatim 97806,0,Portable,USB Type-A 3.2 Gen 1,1000,,
Samsung P3,0,Portable,USB Type-A 3.2 Gen 1,500,,
Samsung P3 Portable,0,Portable,USB Type-A 3.2 Gen 1,2000,,
Samsung MU-PS250B/AM,0,Portable,USB Type-A 3.2 Gen 1,250,,
Samsung MU-PS500B/AM,0,Portable,USB Type-A 3.2 Gen 1,500,,
Hitachi GST Touro Mobile Pro,0,Portable,USB Type-A 3.2 Gen 1,500,,
Hitachi HGST Touro Mobile,0,Portable,USB Type-A 3.2 Gen 1,1000,,
Hitachi HGST Touro Mobile Pro,0,Portable,USB Type-A 3.2 Gen 1,1000,,
HP HPHDD2E30500AS1-RBU,0,Portable,USB Type-A 3.2 Gen 1,500,,
ADATA CH11,0,Portable,USB Type-A 3.2 Gen 1,500,,
ADATA AHV620-2TU3-CBK,139.97,Portable,USB Type-A 3.2 Gen 1,2000,0.07,
ADATA AHV620-500GU3-CBK,0,Portable,USB Type-A 3.2 Gen 1,500,,
ADATA DashDrive SE720,0,Portable,USB Type-A 3.2 Gen 1,128,,
ADATA SH14,0,Portable,USB Type-A 3.2 Gen 1,1000,,
Apricom Aegis Bio,0,Portable,USB Type-A 3.2 Gen 1,1000,,
Apricom Aegis Bio 3.0,0,Portable,USB Type-A 3.2 Gen 1,512,,
Apricom Aegis Padlock,0,Portable,USB Type-A 3.2 Gen 1,1000,,
Apricom Aegis Padlock,0,Portable,USB Type-A 3.2 Gen 1,500,,
Apricom Aegis Padlock Fortress,0,Portable,USB Type-A 3.2 Gen 1,500,,
Apricom Aegis Padlock,153.88,Portable,USB Type-A 3.2 Gen 1,500,0.308,
Apricom Aegis Padlock Fortress,163.27,Portable,USB Type-A 3.2 Gen 1,500,0.327,
Apricom Aegis Portable 3.0,0,Portable,USB Type-A 3.2 Gen 1,1000,,
Apricom Aegis Portable 3.0,0,Portable,USB Type-A 3.2 Gen 1,500,,
Apricom Aegis Padlock,0,Portable,USB Type-A 2.0,1000,,
Apricom Aegis Padlock,0,Portable,USB Type-A 2.0,320,,
Apricom Aegis Padlock,0,Portable,,500,,
Axiom Mobile-D,0,Portable,USB Type-A 3.2 Gen 1,1000,,
Axiom Mobile-D,0,Portable,USB Type-A 3.2 Gen 1,250,,
Axiom Mobile-D,0,Portable,USB Type-A 3.2 Gen 1,320,,
Axiom Mobile-D,0,Portable,USB Type-A 3.2 Gen 1,500,,
Axiom Mobile-D,0,Portable,USB Type-A 3.2 Gen 1,750,,
Transcend StoreJet,0,Portable,USB Type-A 2.0,750,,
Transcend StoreJet,0,Portable,USB Type-A 3.2 Gen 1,500,,
Transcend StoreJet,0,Portable,USB Type-A 2.0,500,,
Imation Apollo Expert,0,Portable,USB Type-A 3.2 Gen 1,1000,,
Toshiba Canvio Connect,0,Portable,USB Type-A 3.2 Gen 1,750,,
Toshiba Canvio Connect,0,Portable,USB Type-A 3.2 Gen 1,1500,,
Toshiba Canvio Connect,0,Portable,USB Type-A 3.2 Gen 1,2000,,
Toshiba Canvio Slim II,101,Portable,USB Type-A 3.2 Gen 1,1000,0.101,
Toshiba Canvio Slim II,109,Portable,,1000,0.109,
Lenovo ThinkPad,0,Portable,USB Type-A 3.2 Gen 1,750,,
Lenovo ThinkPad,0,Portable,USB Type-A 3.2 Gen 1,500,,
Transcend TS128GESD200K,0,Portable,USB Type-A 3.2 Gen 1,128,,
Transcend TS128GSJC10K,0,Portable,USB Type-A 3.2 Gen 1,128,,
Samsung T1,0,Portable,USB Type-A 3.2 Gen 1,1000,,
Western Digital My Passport,0,Portable,USB Type-A 3.2 Gen 1,2000,,
SanDisk Extreme 900,0,Portable,USB Type-A 3.2 Gen 2,480,,
ADATA SD600,0,Portable,USB Type-A 3.2 Gen 1,256,,
ADATA SD700,0,Portable,USB Type-A 3.2 Gen 1,1000,,
ADATA SD700,0,Portable,USB Type-A 3.2 Gen 1,256,,
ADATA SD700,0,Portable,USB Type-A 3.2 Gen 1,512,,
ADATA SE730,0,Portable,USB Type-C 3.2 Gen 1,250,,
Seagate Backup Plus Portable,0,Portable,USB Type-A 3.2 Gen 1,5000,,Blue
Buffalo Technology Americas MiniStation,0,Portable,USB Type-A 3.2 Gen 1,2000,,Black
Apricom Apricorn Aegis Padlock,0,Portable,USB Type-A 3.2 Gen 1,128,,Black
Buffalo Technology Americas MiniStation,0,Portable,USB Type-A 3.2 Gen 1,1000,,Black
Apricom Aegis Padlock,294.99,Portable,USB Type-A 3.2 Gen 1,512,0.576,Black
Seagate Backup Plus Portable,184.49,Portable,USB Type-A 3.2 Gen 1,4000,0.046,Blue / White
Seagate Backup Plus Ultra Touch,0,Portable,USB Type-A 3.2 Gen 1,1000,,White
Seagate Backup Plus Ultra Touch,0,Portable,USB Type-A 3.2 Gen 1,2000,,Black
Western Digital G-DRIVE Mobile,0,Portable,"USB Type-A 2.0, USB Type-C 3.2 Gen 1",4000,,Silver
Western Digital G-DRIVE Mobile,0,Portable,USB Type-C 3.2 Gen 1,2000,,Silver
Western Digital G-DRIVE Mobile,0,Portable,USB Type-C 3.2 Gen 1,1000,,Silver
Western Digital My Passport,102,Portable,USB Type-A 3.2 Gen 1,4000,0.025,Red
Apacer AS722,0,Portable,USB Type-C 3.2 Gen 1,512,,Black
Apacer AS721,0,Portable,USB Type-C 3.2 Gen 1,250,,Black
Apacer AS721,0,Portable,USB Type-C 3.2 Gen 1,500,,Black
Apacer AS721,0,Portable,USB Type-C 3.2 Gen 1,1000,,Black
SanDisk G-DRIVE ArmorLock,0,Portable,USB Type-C 3.2 Gen 1,2000,,Black / Yellow
Western Digital My Passport Ultra,0,Portable,USB Type-A 3.2 Gen 2,3000,,White
Samsung T7 Portable,0,Portable,USB Type-C 3.2 Gen 2,1000,,Silver
Samsung T5 Portable,0,Portable,USB Type-C 3.2 Gen 2,1000,,Red
Samsung T5 Portable,0,Portable,USB Type-C 3.2 Gen 2,500,,Red
Samsung T5 Portable,0,Portable,USB Type-C 3.2 Gen 2,500,,Gold
Samsung T5 Portable,0,Portable,USB Type-C 3.2 Gen 2,1000,,Gold
Samsung T3 Portable,0,Portable,USB Type-C 3.2 Gen 1,500,,
Samsung T3 Portable,0,Portable,USB Type-C 3.2 Gen 1,2000,,
Samsung T3 Portable,0,Portable,USB Type-C 3.2 Gen 1,250,,
Seagate One Touch,195.99,Portable,"USB Type-A 3.2 Gen 2, USB Type-C 3.2 Gen 2",2000,0.098,Blue
Seagate One Touch,269.99,Portable,"USB Type-A 3.2 Gen 2, USB Type-C 3.2 Gen 2",2000,0.135,Silver
Seagate One Touch,105.69,Portable,"USB Type-A 3.2 Gen 2, USB Type-C 3.2 Gen 2",1000,0.106,Blue
Seagate One Touch,77.56,Portable,"USB Type-A 3.2 Gen 2, USB Type-C 3.2 Gen 2",500,0.155,Silver
Seagate One Touch,78.5,Portable,USB Type-A 3.2 Gen 1,1000,0.079,Blue
Seagate One Touch,62.99,Portable,USB Type-A 3.2 Gen 1,1000,0.063,Red
Seagate One Touch,0,Portable,USB Type-A 3.2 Gen 1,1000,,Gray
Seagate One Touch,0,Portable,USB Type-A 3.2 Gen 1,2000,,Red
Seagate One Touch,114,Portable,USB Type-A 3.2 Gen 1,2000,0.057,
Seagate One Touch,114.99,Portable,USB Type-A 3.2 Gen 1,4000,0.029,Blue
Seagate One Touch,0,Portable,USB Type-A 3.2 Gen 1,4000,,Gray
Seagate One Touch,219,Portable,USB Type-A 3.2 Gen 1,5000,0.044,Blue
KIOXIA EXCERIA PLUS,281.99,Portable,USB Type-C 3.2 Gen 2,2000,0.141,Gray
KIOXIA EXCERIA PLUS,93.99,Portable,USB Type-C 3.2 Gen 2,500,0.188,Gray
Silicon Power PC60,0,Portable,USB Type-C 3.2 Gen 2,4000,,Black
Silicon Power PC60,0,Portable,USB Type-C 3.2 Gen 2,1920,,Black
Silicon Power PC60,85.92,Portable,USB Type-C 3.2 Gen 2,960,0.089,Black
Silicon Power PC60,0,Portable,USB Type-C 3.2 Gen 2,480,,Black
Silicon Power PC60,0,Portable,USB Type-C 3.2 Gen 2,256,,Black
Silicon Power PC60,137.44,Portable,USB Type-C 3.2 Gen 2,240,0.573,Black
Silicon Power Bolt B75 Pro,0,Portable,USB Type-C 3.2 Gen 2,4000,,Black
Silicon Power Bolt B75 Pro,0,Portable,USB Type-C 3.2 Gen 2,256,,Black
Silicon Power Bolt B75,0,Portable,USB Type-C 3.2 Gen 1,4000,,Silver
Silicon Power Bolt B75,0,Portable,USB Type-C 3.2 Gen 1,2000,,Silver
Silicon Power Bolt B75,0,Portable,USB Type-C 3.2 Gen 1,1000,,Silver
Silicon Power Bolt B75,223.9,Portable,USB Type-C 3.2 Gen 1,960,0.233,Silver
Silicon Power Bolt B75,0,Portable,USB Type-C 3.2 Gen 1,512,,Silver
Silicon Power Bolt B75,0,Portable,USB Type-C 3.2 Gen 1,240,,Silver
Silicon Power Bolt B75,0,Portable,USB Type-C 3.2 Gen 1,128,,Silver
Silicon Power Bolt B75,0,Portable,USB Type-C 3.2 Gen 1,120,,Silver
Silicon Power Stream S05,0,Portable,USB Type-A 3.2 Gen 1,4000,,Black
Silicon Power Stream S05,0,Portable,USB Type-A 3.2 Gen 1,2000,,Black
Silicon Power Stream S05,0,Portable,USB Type-A 3.2 Gen 1,1000,,Black
